Quelle:;"Bayerisches Landesamt für Umwelt, www.gkd.bayern.de"
Datenbankabfrage:;"05.02.2019 14:50"
Zeitbezug:;MEZ
Messstellen-Name:;"Tiefste Stelle"
Messstellen-Nr.:;2209
Gewässer:;"Steinberger See"
"Rechtswert:  4511808.00";"Hochwert:  5460354.00";"EPSG 31468"

Datum;"NO3-N [mg/l] (-1.0 m ü. Grund)";"TOC [mg/l] (-1.0 m ü. Grund)";"SiO2 [mg/l] (-1.0 m ü. Grund)";"P-ges. [mg/l] (-1.0 m ü. Grund)";"O2-gelöst [mg/l] (-1.0 m ü. Grund)";"KB 8,2 [mmol/l] (-1.0 m ü. Grund)";"NH4-N [mg/l] (-1.0 m ü. Grund)";"pH-Wert (vor Ort) [-] (-1.0 m ü. Grund)";"o-PO4-P [mg/l] (-1.0 m ü. Grund)";"KS 4,3 [mmol/l] (-1.0 m ü. Grund)";"Chloroph [µg/l] (-1.0 m ü. Grund)";"Wassertemp.(vor Ort) [°C] (-1.0 m ü. Grund)";"SPAK 254 nm [1/m] (-1.0 m ü. Grund)";"N-ges. [mg/l] (-1.0 m ü. Grund)";"O2-Sättigungsindex [%] (-1.0 m ü. Grund)";"LF (20 °C) vor Ort [µS/cm] (-1.0 m ü. Grund)";"SO4 [mg/l] (-1.0 m ü. Grund)";"Chlorid [mg/l] (-1.0 m ü. Grund)";"Na gelöst [mg/l] (-1.0 m ü. Grund)";"K gelöst [mg/l] (-1.0 m ü. Grund)";"Mn gelöst [mg/l] (-1.0 m ü. Grund)";"Fe gelöst [mg/l] (-1.0 m ü. Grund)";"Ca gelöst [mg/l] (-1.0 m ü. Grund)";"Mg gelöst [mg/l] (-1.0 m ü. Grund)";"NO3-N [mg/l] (0.0 m Tiefe)";"TOC [mg/l] (0.0 m Tiefe)";"SiO2 [mg/l] (0.0 m Tiefe)";"P-ges. [mg/l] (0.0 m Tiefe)";"O2-gelöst [mg/l] (0.0 m Tiefe)";"KB 8,2 [mmol/l] (0.0 m Tiefe)";"NH4-N [mg/l] (0.0 m Tiefe)";"Sichttiefe [cm] (0.0 m Tiefe)";"pH-Wert (vor Ort) [-] (0.0 m Tiefe)";"o-PO4-P [mg/l] (0.0 m Tiefe)";"KS 4,3 [mmol/l] (0.0 m Tiefe)";"Chloroph [µg/l] (0.0 m Tiefe)";"Wassertemp.(vor Ort) [°C] (0.0 m Tiefe)";"SPAK 254 nm [1/m] (0.0 m Tiefe)";"N-ges. [mg/l] (0.0 m Tiefe)";"O2-Sättigungsindex [%] (0.0 m Tiefe)";"LF (20 °C) vor Ort [µS/cm] (0.0 m Tiefe)";"SO4 [mg/l] (0.0 m Tiefe)";"Chlorid [mg/l] (0.0 m Tiefe)";"Na gelöst [mg/l] (0.0 m Tiefe)";"K gelöst [mg/l] (0.0 m Tiefe)";"Mn gelöst [mg/l] (0.0 m Tiefe)";"Fe gelöst [mg/l] (0.0 m Tiefe)";"Ca gelöst [mg/l] (0.0 m Tiefe)";"Mg gelöst [mg/l] (0.0 m Tiefe)";"NO3-N [mg/l] (2.0 m Tiefe)";"TOC [mg/l] (2.0 m Tiefe)";"SiO2 [mg/l] (2.0 m Tiefe)";"P-ges. [mg/l] (2.0 m Tiefe)";"O2-gelöst [mg/l] (2.0 m Tiefe)";"KB 8,2 [mmol/l] (2.0 m Tiefe)";"NH4-N [mg/l] (2.0 m Tiefe)";"pH-Wert (vor Ort) [-] (2.0 m Tiefe)";"o-PO4-P [mg/l] (2.0 m Tiefe)";"KS 4,3 [mmol/l] (2.0 m Tiefe)";"Chloroph [µg/l] (2.0 m Tiefe)";"Wassertemp.(vor Ort) [°C] (2.0 m Tiefe)";"SPAK 254 nm [1/m] (2.0 m Tiefe)";"N-ges. [mg/l] (2.0 m Tiefe)";"O2-Sättigungsindex [%] (2.0 m Tiefe)";"LF (20 °C) vor Ort [µS/cm] (2.0 m Tiefe)";"SO4 [mg/l] (2.0 m Tiefe)";"Chlorid [mg/l] (2.0 m Tiefe)";"Na gelöst [mg/l] (2.0 m Tiefe)";"K gelöst [mg/l] (2.0 m Tiefe)";"Mn gelöst [mg/l] (2.0 m Tiefe)";"Fe gelöst [mg/l] (2.0 m Tiefe)";"Ca gelöst [mg/l] (2.0 m Tiefe)";"Mg gelöst [mg/l] (2.0 m Tiefe)";"NO3-N [mg/l] (4.0 m Tiefe)";"TOC [mg/l] (4.0 m Tiefe)";"SiO2 [mg/l] (4.0 m Tiefe)";"P-ges. [mg/l] (4.0 m Tiefe)";"O2-gelöst [mg/l] (4.0 m Tiefe)";"KB 8,2 [mmol/l] (4.0 m Tiefe)";"NH4-N [mg/l] (4.0 m Tiefe)";"pH-Wert (vor Ort) [-] (4.0 m Tiefe)";"o-PO4-P [mg/l] (4.0 m Tiefe)";"KS 4,3 [mmol/l] (4.0 m Tiefe)";"Chloroph [µg/l] (4.0 m Tiefe)";"Wassertemp.(vor Ort) [°C] (4.0 m Tiefe)";"SPAK 254 nm [1/m] (4.0 m Tiefe)";"N-ges. [mg/l] (4.0 m Tiefe)";"O2-Sättigungsindex [%] (4.0 m Tiefe)";"LF (20 °C) vor Ort [µS/cm] (4.0 m Tiefe)";"SO4 [mg/l] (4.0 m Tiefe)";"Chlorid [mg/l] (4.0 m Tiefe)";"Na gelöst [mg/l] (4.0 m Tiefe)";"K gelöst [mg/l] (4.0 m Tiefe)";"Mn gelöst [mg/l] (4.0 m Tiefe)";"Fe gelöst [mg/l] (4.0 m Tiefe)";"Ca gelöst [mg/l] (4.0 m Tiefe)";"Mg gelöst [mg/l] (4.0 m Tiefe)";"NO3-N [mg/l] (6.0 m Tiefe)";"TOC [mg/l] (6.0 m Tiefe)";"SiO2 [mg/l] (6.0 m Tiefe)";"P-ges. [mg/l] (6.0 m Tiefe)";"O2-gelöst [mg/l] (6.0 m Tiefe)";"KB 8,2 [mmol/l] (6.0 m Tiefe)";"NH4-N [mg/l] (6.0 m Tiefe)";"pH-Wert (vor Ort) [-] (6.0 m Tiefe)";"o-PO4-P [mg/l] (6.0 m Tiefe)";"KS 4,3 [mmol/l] (6.0 m Tiefe)";"Chloroph [µg/l] (6.0 m Tiefe)";"Wassertemp.(vor Ort) [°C] (6.0 m Tiefe)";"SPAK 254 nm [1/m] (6.0 m Tiefe)";"N-ges. [mg/l] (6.0 m Tiefe)";"O2-Sättigungsindex [%] (6.0 m Tiefe)";"LF (20 °C) vor Ort [µS/cm] (6.0 m Tiefe)";"SO4 [mg/l] (6.0 m Tiefe)";"Chlorid [mg/l] (6.0 m Tiefe)";"Na gelöst [mg/l] (6.0 m Tiefe)";"K gelöst [mg/l] (6.0 m Tiefe)";"Mn gelöst [mg/l] (6.0 m Tiefe)";"Fe gelöst [mg/l] (6.0 m Tiefe)";"Ca gelöst [mg/l] (6.0 m Tiefe)";"Mg gelöst [mg/l] (6.0 m Tiefe)";"NO3-N [mg/l] (8.0 m Tiefe)";"TOC [mg/l] (8.0 m Tiefe)";"SiO2 [mg/l] (8.0 m Tiefe)";"P-ges. [mg/l] (8.0 m Tiefe)";"O2-gelöst [mg/l] (8.0 m Tiefe)";"KB 8,2 [mmol/l] (8.0 m Tiefe)";"NH4-N [mg/l] (8.0 m Tiefe)";"pH-Wert (vor Ort) [-] (8.0 m Tiefe)";"o-PO4-P [mg/l] (8.0 m Tiefe)";"KS 4,3 [mmol/l] (8.0 m Tiefe)";"Chloroph [µg/l] (8.0 m Tiefe)";"Wassertemp.(vor Ort) [°C] (8.0 m Tiefe)";"SPAK 254 nm [1/m] (8.0 m Tiefe)";"N-ges. [mg/l] (8.0 m Tiefe)";"O2-Sättigungsindex [%] (8.0 m Tiefe)";"LF (20 °C) vor Ort [µS/cm] (8.0 m Tiefe)";"SO4 [mg/l] (8.0 m Tiefe)";"Chlorid [mg/l] (8.0 m Tiefe)";"Na gelöst [mg/l] (8.0 m Tiefe)";"K gelöst [mg/l] (8.0 m Tiefe)";"Mn gelöst [mg/l] (8.0 m Tiefe)";"Fe gelöst [mg/l] (8.0 m Tiefe)";"Ca gelöst [mg/l] (8.0 m Tiefe)";"Mg gelöst [mg/l] (8.0 m Tiefe)";"NO3-N [mg/l] (10.0 m Tiefe)";"TOC [mg/l] (10.0 m Tiefe)";"SiO2 [mg/l] (10.0 m Tiefe)";"P-ges. [mg/l] (10.0 m Tiefe)";"O2-gelöst [mg/l] (10.0 m Tiefe)";"KB 8,2 [mmol/l] (10.0 m Tiefe)";"NH4-N [mg/l] (10.0 m Tiefe)";"pH-Wert (vor Ort) [-] (10.0 m Tiefe)";"o-PO4-P [mg/l] (10.0 m Tiefe)";"KS 4,3 [mmol/l] (10.0 m Tiefe)";"Chloroph [µg/l] (10.0 m Tiefe)";"Wassertemp.(vor Ort) [°C] (10.0 m Tiefe)";"SPAK 254 nm [1/m] (10.0 m Tiefe)";"N-ges. [mg/l] (10.0 m Tiefe)";"O2-Sättigungsindex [%] (10.0 m Tiefe)";"LF (20 °C) vor Ort [µS/cm] (10.0 m Tiefe)";"SO4 [mg/l] (10.0 m Tiefe)";"Chlorid [mg/l] (10.0 m Tiefe)";"Na gelöst [mg/l] (10.0 m Tiefe)";"K gelöst [mg/l] (10.0 m Tiefe)";"Mn gelöst [mg/l] (10.0 m Tiefe)";"Fe gelöst [mg/l] (10.0 m Tiefe)";"Ca gelöst [mg/l] (10.0 m Tiefe)";"Mg gelöst [mg/l] (10.0 m Tiefe)";"NO3-N [mg/l] (12.0 m Tiefe)";"TOC [mg/l] (12.0 m Tiefe)";"SiO2 [mg/l] (12.0 m Tiefe)";"P-ges. [mg/l] (12.0 m Tiefe)";"O2-gelöst [mg/l] (12.0 m Tiefe)";"KB 8,2 [mmol/l] (12.0 m Tiefe)";"NH4-N [mg/l] (12.0 m Tiefe)";"pH-Wert (vor Ort) [-] (12.0 m Tiefe)";"o-PO4-P [mg/l] (12.0 m Tiefe)";"KS 4,3 [mmol/l] (12.0 m Tiefe)";"Chloroph [µg/l] (12.0 m Tiefe)";"Wassertemp.(vor Ort) [°C] (12.0 m Tiefe)";"SPAK 254 nm [1/m] (12.0 m Tiefe)";"N-ges. [mg/l] (12.0 m Tiefe)";"O2-Sättigungsindex [%] (12.0 m Tiefe)";"LF (20 °C) vor Ort [µS/cm] (12.0 m Tiefe)";"SO4 [mg/l] (12.0 m Tiefe)";"Chlorid [mg/l] (12.0 m Tiefe)";"Na gelöst [mg/l] (12.0 m Tiefe)";"K gelöst [mg/l] (12.0 m Tiefe)";"Mn gelöst [mg/l] (12.0 m Tiefe)";"Fe gelöst [mg/l] (12.0 m Tiefe)";"Ca gelöst [mg/l] (12.0 m Tiefe)";"Mg gelöst [mg/l] (12.0 m Tiefe)";"NO3-N [mg/l] (16.0 m Tiefe)";"TOC [mg/l] (16.0 m Tiefe)";"SiO2 [mg/l] (16.0 m Tiefe)";"P-ges. [mg/l] (16.0 m Tiefe)";"O2-gelöst [mg/l] (16.0 m Tiefe)";"KB 8,2 [mmol/l] (16.0 m Tiefe)";"NH4-N [mg/l] (16.0 m Tiefe)";"pH-Wert (vor Ort) [-] (16.0 m Tiefe)";"o-PO4-P [mg/l] (16.0 m Tiefe)";"KS 4,3 [mmol/l] (16.0 m Tiefe)";"Chloroph [µg/l] (16.0 m Tiefe)";"Wassertemp.(vor Ort) [°C] (16.0 m Tiefe)";"SPAK 254 nm [1/m] (16.0 m Tiefe)";"N-ges. [mg/l] (16.0 m Tiefe)";"O2-Sättigungsindex [%] (16.0 m Tiefe)";"LF (20 °C) vor Ort [µS/cm] (16.0 m Tiefe)";"SO4 [mg/l] (16.0 m Tiefe)";"Chlorid [mg/l] (16.0 m Tiefe)";"Na gelöst [mg/l] (16.0 m Tiefe)";"K gelöst [mg/l] (16.0 m Tiefe)";"Mn gelöst [mg/l] (16.0 m Tiefe)";"Fe gelöst [mg/l] (16.0 m Tiefe)";"Ca gelöst [mg/l] (16.0 m Tiefe)";"Mg gelöst [mg/l] (16.0 m Tiefe)";"NO3-N [mg/l] (20.0 m Tiefe)";"TOC [mg/l] (20.0 m Tiefe)";"SiO2 [mg/l] (20.0 m Tiefe)";"P-ges. [mg/l] (20.0 m Tiefe)";"O2-gelöst [mg/l] (20.0 m Tiefe)";"KB 8,2 [mmol/l] (20.0 m Tiefe)";"NH4-N [mg/l] (20.0 m Tiefe)";"pH-Wert (vor Ort) [-] (20.0 m Tiefe)";"o-PO4-P [mg/l] (20.0 m Tiefe)";"KS 4,3 [mmol/l] (20.0 m Tiefe)";"Chloroph [µg/l] (20.0 m Tiefe)";"Wassertemp.(vor Ort) [°C] (20.0 m Tiefe)";"SPAK 254 nm [1/m] (20.0 m Tiefe)";"N-ges. [mg/l] (20.0 m Tiefe)";"O2-Sättigungsindex [%] (20.0 m Tiefe)";"LF (20 °C) vor Ort [µS/cm] (20.0 m Tiefe)";"SO4 [mg/l] (20.0 m Tiefe)";"Chlorid [mg/l] (20.0 m Tiefe)";"Na gelöst [mg/l] (20.0 m Tiefe)";"K gelöst [mg/l] (20.0 m Tiefe)";"Mn gelöst [mg/l] (20.0 m Tiefe)";"Fe gelöst [mg/l] (20.0 m Tiefe)";"Ca gelöst [mg/l] (20.0 m Tiefe)";"Mg gelöst [mg/l] (20.0 m Tiefe)";"NO3-N [mg/l] (30.0 m Tiefe)";"TOC [mg/l] (30.0 m Tiefe)";"SiO2 [mg/l] (30.0 m Tiefe)";"P-ges. [mg/l] (30.0 m Tiefe)";"O2-gelöst [mg/l] (30.0 m Tiefe)";"KB 8,2 [mmol/l] (30.0 m Tiefe)";"NH4-N [mg/l] (30.0 m Tiefe)";"pH-Wert (vor Ort) [-] (30.0 m Tiefe)";"o-PO4-P [mg/l] (30.0 m Tiefe)";"KS 4,3 [mmol/l] (30.0 m Tiefe)";"Chloroph [µg/l] (30.0 m Tiefe)";"Wassertemp.(vor Ort) [°C] (30.0 m Tiefe)";"SPAK 254 nm [1/m] (30.0 m Tiefe)";"N-ges. [mg/l] (30.0 m Tiefe)";"O2-Sättigungsindex [%] (30.0 m Tiefe)";"LF (20 °C) vor Ort [µS/cm] (30.0 m Tiefe)";"SO4 [mg/l] (30.0 m Tiefe)";"Chlorid [mg/l] (30.0 m Tiefe)";"Na gelöst [mg/l] (30.0 m Tiefe)";"K gelöst [mg/l] (30.0 m Tiefe)";"Mn gelöst [mg/l] (30.0 m Tiefe)";"Fe gelöst [mg/l] (30.0 m Tiefe)";"Ca gelöst [mg/l] (30.0 m Tiefe)";"Mg gelöst [mg/l] (30.0 m Tiefe)";"NO3-N [mg/l] (40.0 m Tiefe)";"TOC [mg/l] (40.0 m Tiefe)";"SiO2 [mg/l] (40.0 m Tiefe)";"P-ges. [mg/l] (40.0 m Tiefe)";"O2-gelöst [mg/l] (40.0 m Tiefe)";"NH4-N [mg/l] (40.0 m Tiefe)";"pH-Wert (vor Ort) [-] (40.0 m Tiefe)";"o-PO4-P [mg/l] (40.0 m Tiefe)";"Chloroph [µg/l] (40.0 m Tiefe)";"Wassertemp.(vor Ort) [°C] (40.0 m Tiefe)";"SPAK 254 nm [1/m] (40.0 m Tiefe)";"N-ges. [mg/l] (40.0 m Tiefe)";"O2-Sättigungsindex [%] (40.0 m Tiefe)";"LF (20 °C) vor Ort [µS/cm] (40.0 m Tiefe)";"SO4 [mg/l] (40.0 m Tiefe)";"Chlorid [mg/l] (40.0 m Tiefe)";"Na gelöst [mg/l] (40.0 m Tiefe)";"K gelöst [mg/l] (40.0 m Tiefe)";"Mn gelöst [mg/l] (40.0 m Tiefe)";"Fe gelöst [mg/l] (40.0 m Tiefe)";"Ca gelöst [mg/l] (40.0 m Tiefe)";"Mg gelöst [mg/l] (40.0 m Tiefe)";Prüfstatus
"2004-01-21 00:00:00";0;2,5;12,00;0,006;1,4;0,65;2,5;6,3;0;0,58;1,00;4,6;6,3;2,5;12,00;1089,00;592,00;28,00;;;;;;;0,5;0,8;11,00;0;12,8;0,15;0,94;470,00;4,7;0;0;2,00;2,2;0,4;1,3;102,00;1001,00;538,00;29,00;;;;;;;0,5;1,6;11,00;0,007;12,6;0,15;0,96;4,6;0;0;2,00;2,4;0,4;1,5;101,00;1001,00;515,00;28,00;;;;;;;0,5;0,8;11,00;0;12,8;0,15;0,94;4,7;0;0;2,00;2,5;0,4;1,3;102,00;999,00;520,00;28,00;;;;;;;0,5;1,5;11,00;0;13,00;0,15;0,94;4,6;0;0;2,00;2,6;0,4;1,4;104,00;999,00;529,00;29,00;;;;;;;0,5;0,7;11,00;0;13,2;0,15;0,93;4,6;0;0;2,00;2,6;0,4;1,3;105,00;999,00;519,00;29,00;;;;;;;0,5;0,8;11,00;0;13,3;0,15;0,95;4,6;0;0;2,00;2,6;0,4;1,3;107,00;999,00;520,00;29,00;;;;;;;0,5;0,8;11,00;0;13,4;0,15;0,95;4,7;0;0;3,00;2,7;0,4;1,3;107,00;999,00;521,00;29,00;;;;;;;0,5;0,5;11,00;0;14,7;0,15;0,95;4,6;0;0;2,00;2,5;0,5;1,3;116,00;998,00;525,00;29,00;;;;;;;0,5;0,8;12,00;0;13,7;0,16;0,95;4,6;0;0;2,00;2,8;0,4;1,3;108,00;1000,00;525,00;29,00;;;;;;;0,5;1,5;12,00;0;9,5;0,2;1,00;4,7;0;0;2,00;3,5;0,4;1,3;76,00;1007,00;540,00;29,00;;;;;;;;;;;;;;;;;;;;;;;;;;;;;Geprueft
"2004-02-18 00:00:00";;;;;1,7;;;;;;;4,6;;;15,00;;;;;;;;;;0,5;0,6;10,00;0;13,3;;0,97;330,00;4,6;0;;2,00;3,00;0,3;1,3;103,00;992,00;543,00;30,00;;;;;;;0,5;1,00;10,00;0;13,2;;0,96;4,7;0;;2,00;2,7;0,3;1,3;102,00;998,00;525,00;30,00;;;;;;;0,4;0,6;10,00;0;13,3;;0,95;4,7;0;;2,00;2,6;0,3;1,3;103,00;998,00;515,00;30,00;;;;;;;0,4;0,9;10,00;0;14,3;;0,96;4,7;0;;1,00;2,6;0,3;1,5;109,00;998,00;510,00;29,00;;;;;;;0,5;0,6;10,00;0,008;13,4;;0,98;4,7;0;;2,00;2,5;0,4;1,5;105,00;999,00;520,00;30,00;;;;;;;0,5;0,6;10,00;0,01;13,7;;0,96;4,7;0;;2,00;2,6;0,4;1,4;107,00;1001,00;515,00;30,00;;;;;;;0,4;1,00;10,00;0,012;14,5;;0,98;4,7;0;;2,00;2,6;0,4;1,4;112,00;1000,00;510,00;29,00;;;;;;;0,4;0,6;10,00;0,016;13,8;;0,97;4,7;0;;2,00;2,6;0,4;1,4;107,00;1000,00;490,00;28,00;;;;;;;0,4;1,2;10,00;0,02;13,6;;0,99;4,7;0;;1,00;2,6;0,4;1,4;106,00;1002,00;490,00;28,00;;;;;;;0,4;0,5;10,00;0,03;10,1;;1,1;4,8;0;;2,00;3,1;0,4;1,4;80,00;1008,00;510,00;29,00;;;;;;;0;1,6;12,00;0,04;1,4;2,1;5,9;0;0;4,4;1,8;2,2;12,00;1062,00;510,00;29,00;;;;;;;Geprueft
"2004-03-30 00:00:00";;;;;;;;;;;;;;;;;;;;;;;;;0,4;0;11,00;0;12,4;;0,96;380,00;4,8;0;;2,00;4,7;0,2;1,4;100,00;1003,00;496,00;29,00;;;;;;;0,4;0;11,00;0;12,4;;0,98;4,7;0;;3,00;4,7;0,2;1,3;99,00;1002,00;524,00;29,00;;;;;;;0,4;0;11,00;0;12,4;;0,98;4,7;0;;3,00;4,7;0,2;1,3;99,00;1004,00;512,00;29,00;;;;;;;0,4;0,5;11,00;0;12,4;;0,98;4,7;0;;3,00;4,7;0,2;1,3;99,00;1003,00;528,00;29,00;;;;;;;0,4;0,5;11,00;0;12,4;;0,98;4,7;0;;4,00;4,1;0,2;1,3;98,00;1003,00;490,00;28,00;;;;;;;0,4;0;11,00;0;12,4;;0,99;4,7;0;;4,00;4,00;0,2;1,3;98,00;1002,00;507,00;29,00;;;;;;;0,4;0;11,00;0;12,3;;0,99;4,7;0;;3,00;3,9;0,3;1,3;97,00;1004,00;522,00;30,00;;;;;;;0,4;0;11,00;0;12,3;;0,99;4,6;0;;3,00;3,9;0,2;1,4;96,00;1004,00;529,00;30,00;;;;;;;0,4;0,6;11,00;0;12,2;;0,99;4,7;0;;4,00;3,9;0,2;1,4;96,00;1003,00;518,00;29,00;;;;;;;0,4;0,6;11,00;0;12,1;;1,00;4,7;0;;3,00;4,00;0,2;1,3;95,00;1006,00;520,00;29,00;;;;;;;0;2,00;12,00;0;;2,3;6,00;0;0;4,8;2,6;2,4;1,00;1072,00;562,00;28,00;;;;;;;Geprueft
"2004-04-27 00:00:00";;;;;;;;;;;;;;;;;;;;;;;;;;0,6;12,00;0;10,5;;0,99;630,00;4,4;0;;1,00;12,00;0,2;;103,00;990,00;;;;;;;;;;1,4;12,00;0;10,6;;0,99;4,6;0;;0;11,9;0,3;;103,00;991,00;;;;;;;;;;0,8;12,00;0;11,1;;0,99;4,5;0;;1,00;10,6;0,4;;105,00;988,00;;;;;;;;;;0,8;12,00;0;11,4;;1,00;4,5;0;;1,00;9,8;0,5;;106,00;992,00;;;;;;;;;;0,5;12,00;0;11,9;;0,99;4,5;0;;1,00;8,1;0,7;;106,00;995,00;;;;;;;;;;1,2;12,00;0;12,00;;0,99;4,5;0;;0;7,3;0,8;;104,00;995,00;;;;;;;;;;0,8;12,00;0;12,1;;0,99;4,6;0;;0;6,3;0,9;;103,00;995,00;;;;;;;;;;0,7;12,00;0;12,1;;0,99;4,6;0;;1,00;5,1;1,00;;100,00;995,00;;;;;;;;;;1,3;12,00;0;11,6;;1,00;4,6;0;;3,00;4,8;1,2;;95,00;998,00;;;;;;;;;;0,8;12,00;0;10,4;;1,1;4,9;0;;1,00;4,4;1,6;;84,00;1006,00;;;;;;;;;;;;;0,3;;;;;4,6;;;2,00;;;;;;;;;;Geprueft
"2004-05-25 00:00:00";;;;;;;;;;;;;;;;;;;;;;;;;0,4;1,7;11,00;0;9,8;;0,96;460,00;4,6;0;;2,00;14,00;0,3;1,3;100,00;990,00;526,00;30,00;;;;;;;0,4;2,00;11,00;0;9,9;;0,96;4,6;0;;2,00;14,00;0,2;1,3;100,00;993,00;524,00;31,00;;;;;;;0,4;0,5;11,00;0;9,8;;0,96;4,6;0;;2,00;13,9;0,2;1,3;100,00;992,00;513,00;31,00;;;;;;;0,4;0;11,00;0;9,9;;0,96;4,6;0;;2,00;13,8;0,2;1,3;100,00;992,00;526,00;29,00;;;;;;;0,4;0,8;11,00;0;12,00;;0,96;4,6;0;;2,00;10,9;0,2;1,3;114,00;994,00;523,00;29,00;;;;;;;0,4;1,7;11,00;0;12,1;;0,96;4,6;0;;2,00;8,6;0,2;1,2;109,00;992,00;522,00;30,00;;;;;;;0,4;1,1;11,00;0;12,1;;0,97;4,6;0;;2,00;7,2;0,2;1,3;105,00;996,00;511,00;29,00;;;;;;;0,4;1,00;11,00;0;11,6;;0,97;4,6;0;;2,00;5,6;0,2;1,4;97,00;994,00;526,00;30,00;;;;;;;0,4;0,9;11,00;0;11,00;;0,99;4,6;0;;2,00;4,9;0,2;1,4;90,00;1000,00;522,00;30,00;;;;;;;0,4;1,6;12,00;0;9,6;;1,1;4,9;0;;2,00;4,5;0,3;1,4;77,00;1007,00;525,00;29,00;;;;;;;0;1,1;12,00;0;1,7;2,1;5,8;0;0;4,7;1,1;2,1;14,00;1045,00;549,00;29,00;;;;;;;Geprueft
"2004-06-22 00:00:00";;;;;;;;;;;;;;;;;;;;;;;;;0,6;0,9;11,00;0;8,9;;0,95;840,00;4,5;0;;1,00;18,1;0,2;1,4;100,00;992,00;542,00;31,00;;;;;;;0,4;1,3;11,00;0;8,9;;0,95;4,5;0;;0;18,00;0,2;1,4;99,00;993,00;541,00;30,00;;;;;;;0,4;0,6;11,00;0;9,00;;0,96;4,5;0;;0;17,9;0,2;1,4;99,00;994,00;554,00;30,00;;;;;;;0,4;0,8;11,00;0;9,00;;0,96;4,5;0;;0;17,9;0,2;1,3;100,00;995,00;546,00;30,00;;;;;;;0,4;0,6;11,00;0;11,4;;0,96;4,5;0;;7,00;14,5;0,2;1,3;118,00;995,00;556,00;30,00;;;;;;;0,4;0;11,00;0;12,4;;0,95;4,5;0;;1,00;11,3;0,2;1,3;119,00;994,00;557,00;30,00;;;;;;;0,4;0,9;11,00;0;12,2;;0,95;4,5;0;;0;9,9;0,2;1,3;112,00;995,00;542,00;29,00;;;;;;;0,4;1,8;12,00;0;11,8;;0,97;4,5;0;;0;7,4;0,2;1,3;103,00;998,00;523,00;29,00;;;;;;;0,4;1,4;12,00;0;11,1;;1,00;4,5;0;;0;6,00;0,3;1,4;94,00;1005,00;523,00;29,00;;;;;;;0,4;0,8;12,00;0;9,4;;1,2;4,9;0;;4,00;4,7;0,4;1,4;76,00;1004,00;508,00;28,00;;;;;;;0,2;1,4;12,00;0;2,3;1,7;5,7;0;2,00;4,7;0,8;1,8;19,00;1027,00;550,00;29,00;;;;;;;Geprueft
"2004-07-28 00:00:00";;;;;;;;;;;;;;;;;;;;;;;;;0,4;1,1;11,00;0;8,6;;0,97;570,00;4,4;0;;2,00;21,2;0,5;1,4;101,00;1001,00;510,00;29,00;;;;;;;0,4;0,5;11,00;0;8,6;;0,97;4,4;0;;2,00;21,2;0,4;1,3;101,00;1001,00;500,00;29,00;;;;;;;0,4;1,1;11,00;0;8,6;;0,98;4,4;0;;3,00;21,2;0,3;1,5;101,00;999,00;510,00;29,00;;;;;;;0,4;0;11,00;0;9,4;;0,97;4,4;0;;2,00;19,7;0,3;1,4;107,00;1001,00;520,00;29,00;;;;;;;0,4;1,3;11,00;0;9,00;;0,98;4,4;0;;3,00;18,1;0,4;1,3;99,00;1002,00;500,00;29,00;;;;;;;0,4;0,6;11,00;0;11,9;;0,98;4,4;0;;4,00;13,9;0,5;1,4;120,00;1001,00;520,00;29,00;;;;;;;0,4;0;11,00;0;11,9;;0,99;4,4;0;;3,00;10,7;0,3;1,3;111,00;998,00;530,00;29,00;;;;;;;0,5;0,6;11,00;0;11,4;;0,99;4,4;0;;3,00;8,1;0,5;1,3;101,00;993,00;510,00;30,00;;;;;;;0,4;0,9;11,00;0;10,9;;1,00;4,4;0;;3,00;6,7;0,5;1,4;94,00;998,00;520,00;29,00;;;;;;;0,4;0;12,00;0;8,1;;1,2;4,9;0;;2,00;5,1;0,7;1,5;66,00;1004,00;520,00;29,00;;;;;;;0,2;1,00;12,00;0;2,3;2,00;5,6;0;2,00;4,9;1,3;2,3;19,00;1030,00;540,00;29,00;;;;;;;Geprueft
"2004-08-31 00:00:00";;;;;;;;;;;;;;;;;;;;;;;;;0,4;0,9;11,00;0;8,7;;0,93;570,00;4,4;0;;1,00;19,9;0,2;1,4;100,00;1002,00;525,00;30,00;;;;;;;0,4;0,8;11,00;0;8,7;;0,93;4,4;0;;1,00;19,8;0,3;1,3;100,00;1007,00;525,00;31,00;;;;;;;0,4;0,5;11,00;0;8,7;;0,93;4,4;0;;1,00;19,8;0,3;1,3;100,00;1006,00;545,00;30,00;;;;;;;0,4;0;11,00;0;8,7;;0,93;4,4;0;;0;19,8;0,3;1,3;100,00;1007,00;550,00;30,00;;;;;;;0,4;0,5;11,00;0;8,7;;0,93;4,4;0;;2,00;19,8;0,3;1,3;100,00;1008,00;530,00;30,00;;;;;;;0,4;0,9;11,00;0;12,1;;0,93;4,4;0;;1,00;14,5;0,3;1,2;125,00;1005,00;525,00;29,00;;;;;;;0,4;0,8;11,00;0;12,00;;0,94;4,4;0;;4,00;11,2;0,3;1,3;114,00;1007,00;530,00;30,00;;;;;;;0,4;0,9;11,00;0;11,5;;0,95;4,4;0;;2,00;8,3;0,4;1,3;103,00;1003,00;530,00;29,00;;;;;;;0,4;0,8;11,00;0;10,9;;1,00;4,4;0;;3,00;6,7;0,3;1,4;93,00;1002,00;525,00;29,00;;;;;;;0,4;0,8;12,00;0;7,1;;1,3;5,00;0;;3,00;5,2;0,5;1,5;58,00;1010,00;520,00;29,00;;;;;;;0,2;1,00;12,00;0;2,1;2,00;5,8;0;2,00;4,9;1,2;2,1;17,00;1042,00;530,00;28,00;;;;;;;Geprueft
"2004-09-22 00:00:00";;;;;;;;;;;;;;;;;;;;;;;;;;0;10,00;0;9,3;;0,92;570,00;4,4;0;;2,00;17,7;0,2;;103,00;1010,00;;;;;;;;;;0,7;10,00;0;9,3;;0,92;4,4;0;;2,00;17,7;0,3;;103,00;1015,00;;;;;;;;;;0;10,00;0;9,2;;0,93;4,4;0;;2,00;17,7;0,4;;102,00;1017,00;;;;;;;;;;1,8;10,00;0;9,2;;0,93;4,4;0;;2,00;17,7;0,7;;103,00;1013,00;;;;;;;;;;1,6;11,00;0;9,2;;0,94;4,4;0;;1,00;17,7;1,00;;102,00;1016,00;;;;;;;;;;1,00;11,00;0;9,5;;0,93;4,4;0;;1,00;17,6;0,9;;105,00;1016,00;;;;;;;;;;1,4;10,00;0;12,3;;0,92;4,4;0;;1,00;12,7;1,3;;123,00;1001,00;;;;;;;;;;1,9;10,00;0;11,9;;0,95;4,4;0;;1,00;8,9;1,00;;108,00;1002,00;;;;;;;;;;2,1;11,00;0;10,9;;1,00;4,5;0;;1,00;6,9;0,7;;94,00;1007,00;;;;;;;;;;1,9;11,00;0;6,8;;1,4;5,1;0;;1,00;5,2;1,1;;56,00;1015,00;;;;;;;;;;1,2;12,00;0;1,8;2,00;5,7;0;0;5,00;1,8;;15,00;1043,00;;;;;;;;;Geprueft
"2004-10-27 00:00:00";;;;;;;;;;;;;;;;;;;;;;;;;0,9;1,2;11,00;0;10,00;;0,9;580,00;4,3;0;;2,00;12,6;0,4;1,4;100,00;1016,00;518,00;31,00;;;;;;;0,4;0,8;11,00;0;10,00;;0,9;4,3;0;;2,00;12,6;0,4;1,3;100,00;1017,00;517,00;29,00;;;;;;;0,4;1,00;11,00;0;9,9;;0,89;4,4;0;;2,00;12,6;0,3;1,3;99,00;1017,00;504,00;28,00;;;;;;;0,4;0,6;11,00;0;9,9;;0,9;4,4;0;;2,00;12,6;0,4;1,3;99,00;1017,00;531,00;29,00;;;;;;;0,4;0,9;11,00;0;9,9;;0,9;4,3;0;;2,00;12,6;0,4;1,3;99,00;1017,00;524,00;29,00;;;;;;;0,4;1,2;11,00;0;9,9;;0,9;4,4;0;;2,00;12,6;0,3;1,3;99,00;1018,00;532,00;29,00;;;;;;;0,4;0,8;11,00;0;9,9;;0,9;4,4;0;;2,00;12,5;0,4;1,2;99,00;1022,00;534,00;29,00;;;;;;;0,4;0,8;11,00;0;11,1;;0,93;4,3;0;;0;9,8;0,5;1,3;104,00;1015,00;527,00;28,00;;;;;;;0,4;1,3;11,00;0;9,9;;1,00;4,4;0;;2,00;7,1;0,4;1,4;87,00;1007,00;533,00;28,00;;;;;;;0,3;0,7;13,00;0;6,00;;1,3;5,00;0;;1,00;5,2;0,6;1,6;50,00;1013,00;536,00;28,00;;;;;;;0,2;1,6;12,00;0;1,6;2,00;5,7;0;1,00;5,00;1,00;2,1;13,00;1040,00;531,00;28,00;;;;;;;Geprueft
"2004-11-22 00:00:00";;;;;;;;;;;;;;;;;;;;;;;;;0,4;3,2;11,00;0;11,6;;0,95;620,00;4,3;0;;2,00;7,9;0,5;1,5;103,00;1026,00;540,00;28,00;;;;;;;0,4;0;11,00;0;11,6;;0,95;4,3;0;;2,00;7,9;0,5;1,4;103,00;1027,00;545,00;29,00;;;;;;;0,4;1,6;11,00;0;11,6;;0,95;4,3;0;;2,00;7,9;0,5;1,4;103,00;1027,00;542,00;29,00;;;;;;;0,4;0,5;11,00;0;11,5;;0,95;4,3;0;;2,00;7,9;0,5;1,4;102,00;1026,00;543,00;29,00;;;;;;;0,4;0,6;11,00;0;11,5;;0,95;4,4;0;;2,00;7,9;0,5;1,5;102,00;1026,00;541,00;31,00;;;;;;;0,4;0,6;11,00;0;11,5;;0,95;4,4;0;;2,00;7,9;0,5;1,4;102,00;1026,00;536,00;30,00;;;;;;;0,4;0;11,00;0;11,6;;0,95;4,4;0;;2,00;7,9;0,5;1,4;103,00;1026,00;534,00;30,00;;;;;;;0,4;0,7;11,00;0;11,5;;0,96;4,4;0;;2,00;7,9;0,5;1,3;102,00;1027,00;536,00;30,00;;;;;;;0,4;0;11,00;0;11,6;;0,95;4,3;0;;2,00;7,9;0,5;1,3;102,00;1027,00;538,00;28,00;;;;;;;0,4;1,1;12,00;0;6,9;;1,3;4,9;0;;0;5,4;0,6;1,6;57,00;1014,00;551,00;30,00;;;;;;;0,2;1,00;12,00;0;1,00;2,1;5,8;0;0;5,1;1,1;2,2;8,00;1041,00;543,00;29,00;;;;;;;Geprueft
"2004-12-14 00:00:00";;;;;;;;;;;;;;;;;;;;;;;;;0,4;0;11,00;0;11,4;;0,98;600,00;4,4;0;;0;5,5;0,5;1,3;94,00;1032,00;520,00;28,00;;;;;;;0,4;0,5;11,00;0;11,4;;0,99;4,4;0;;0;5,5;0,5;1,2;93,00;1030,00;515,00;28,00;;;;;;;0,4;0;11,00;0;11,3;;0,93;4,5;0;;0;5,5;0,5;1,2;93,00;1028,00;530,00;28,00;;;;;;;0,4;0;11,00;0;11,4;;0,99;4,4;0;;1,00;5,6;0,5;1,2;94,00;1030,00;530,00;28,00;;;;;;;0,4;0;11,00;0;11,3;;1,00;4,3;0;;0;5,6;0,5;1,1;93,00;1030,00;505,00;29,00;;;;;;;0,4;0;11,00;0;11,3;;0,97;4,4;0;;0;5,6;0,5;1,1;93,00;1029,00;505,00;28,00;;;;;;;0,4;1,3;11,00;0;11,3;;0,96;4,4;0;;0;5,5;0,5;1,1;93,00;1030,00;520,00;28,00;;;;;;;0,4;0;11,00;0;11,3;;0,98;4,4;0;;0;5,6;0,5;1,2;93,00;1024,00;510,00;28,00;;;;;;;0,4;0;11,00;0;11,4;;0,99;4,4;0;;0;5,5;0,5;1,2;94,00;1029,00;530,00;28,00;;;;;;;0,4;0;11,00;0;11,3;;0,99;4,4;0;;0;5,5;0,5;1,2;93,00;1030,00;537,00;28,00;;;;;;;0,2;1,3;12,00;0;1,00;1,9;5,6;0;0;5,1;1,00;1,9;8,00;1038,00;543,00;28,00;;;;;;;Geprueft
"2009-04-15 09:50:00";0,5;;6,5;0,009;10,4;;0,73;4,5;0;;0;5,00;;1,4;;1040,00;550,00;38,00;29,00;16,00;1,1;0,022;177,00;20,1;0,6;;6,3;0,009;10,3;;0,71;587,00;5,1;0;;2,00;14,7;;1,4;;980,00;500,00;36,00;28,00;16,00;1,1;0,039;168,00;18,8;;;;;;;;;;;;;;;;;;;;;;;;;;;;;;;;;;;;;;;;;;;;;;;;;;;;;;;;;;;;;;;;;;;;;;;;;;;;;;;;;;;;;;;;;;;;;;;;;0,5;;6,5;0,012;12,3;;0,72;4,8;0,005;;4,00;7,8;;1,3;;990,00;530,00;37,00;28,00;16,00;1,1;0,01;171,00;19,3;;;;;;;;;;;;;;;;;;;;;;;;;;;;;;;;;;;;;;;;;;;;;;;;;0,5;;6,5;0,008;11,4;;0,74;4,6;0;;0;6,6;;1,3;;1010,00;540,00;37,00;29,00;16,00;1,1;0,031;174,00;19,5;0,5;;6,7;0,011;10,9;;0,8;4,5;0;;0;5,3;;1,4;;1030,00;550,00;38,00;29,00;16,00;1,1;0,023;178,00;20,00;;;;;;;;;;;;;;;;;;;;;;;Geprueft
"2009-06-24 11:05:00";0,5;;8,7;0,009;;;0,78;4,5;0;;0;5,1;;;;1040,00;540,00;37,00;27,00;15,00;1,1;0,022;171,00;18,6;0,5;;7,5;0,006;;;0,65;520,00;4,6;0;;3,00;18,00;;;;990,00;510,00;38,00;27,00;14,00;1,00;0,038;164,00;18,1;;;;;;;;;;;;;;;;;;;;;;;;;;;;;;;;;;;;;;;;;;;;;;;;;;;;;;;;;;;;;;;;;;;;;;;;;;;;;;;;;;;;;;;;;;;;;;;;;0,5;;7,6;0,007;;;0,65;4,6;0,005;;1,00;10,1;;;;984,00;510,00;36,00;27,00;14,00;1,00;0,023;165,00;17,8;;;;;;;;;;;;;;;;;;;;;;;;;;;;;;;;;;;;;;;;;;;;;;;;;0,5;;8,4;0,006;;;0,72;4,5;0;;2,00;6,2;;;;1010,00;530,00;37,00;27,00;14,00;1,1;0,035;170,00;18,4;0,5;;8,5;0,007;;;0,75;4,4;0;;1,00;5,9;;;;1030,00;530,00;37,00;27,00;15,00;1,1;0,02;171,00;18,6;;;;;;;;;;;;;;;;;;;;;;;Geprueft
"2009-07-14 11:05:00";0,5;;8,7;0,008;8,4;;0,7;4,6;0;;0;7,6;;;;1030,00;540,00;37,00;27,00;15,00;1,1;0,015;169,00;18,6;0,6;;7,2;0,013;9,3;;0,54;310,00;5,6;0;;3,00;23,2;;;;994,00;500,00;38,00;26,00;16,00;1,00;0,027;160,00;17,4;;;;;;;;;;;;;;;;;;;;;;;;;;;;;;;;;;;;;;;;;;;;;;;;;;;;;;;;;;;;;;;;;;;;;;;;;;;;;;;;;;;;;;;;;;;;;;;;;0,5;;7,7;0,01;12,8;;0,59;4,8;0,006;;2,00;11,7;;;;993,00;520,00;37,00;27,00;14,00;1,00;0,027;165,00;17,6;;;;;;;;;;;;;;;;;;;;;;;;;;;;;;;;;;;;;;;;;;;;;;;;;0,5;;8,4;0,007;10,9;;0,64;4,6;0;;2,00;8,7;;;;1010,00;530,00;37,00;26,00;15,00;1,00;0,029;169,00;17,8;0,5;;8,5;0,007;10,7;;0,65;4,5;0;;4,00;7,6;;;;1030,00;530,00;37,00;26,00;16,00;1,1;0,023;170,00;17,9;;;;;;;;;;;;;;;;;;;;;;;Geprueft
"2009-08-04 11:30:00";0,5;;7,9;0,008;6,1;;0,8;4,7;0,005;;0;7,00;;;;1040,00;540,00;38,00;29,00;15,00;1,2;0,019;186,00;20,3;0,6;;6,5;0,01;9,00;;0,55;470,00;6,00;0,006;;3,00;22,6;;;;930,00;480,00;38,00;29,00;15,00;1,00;0,025;149,00;19,2;;;;;;;;;;;;;;;;;;;;;;;;;;;;;;;;;;;;;;;;;;;;;;;;;;;;;;;;;;;;;;;;;;;;;;;;;;;;;;;;;;;;;;;;;;;;;;;;;0,5;;7,00;0,021;11,1;;0,62;4,7;0,008;;3,00;11,3;;;;983,00;520,00;37,00;30,00;16,00;0,97;0,034;156,00;20,1;;;;;;;;;;;;;;;;;;;;;;;;;;;;;;;;;;;;;;;;;;;;;;;;;0,5;;7,5;0,007;9,8;;0,69;4,5;0,006;;1,00;7,5;;;;1020,00;530,00;37,00;30,00;17,00;0,99;0,044;161,00;21,00;0,5;;8,7;0,006;9,6;;0,71;4,4;0;;1,00;6,3;;;;1030,00;540,00;38,00;29,00;16,00;1,2;0,036;192,00;20,6;;;;;;;;;;;;;;;;;;;;;;;Geprueft
"2009-08-25 11:10:00";0,5;;8,8;0,006;8,8;;0,77;4,5;0;;0;6,00;;;;1030,00;530,00;37,00;28,00;15,00;1,1;0,033;174,00;19,7;0,6;;7,4;0,007;8,7;;0,56;580,00;5,9;0;;2,00;24,2;;;;938,00;480,00;38,00;28,00;14,00;0,95;0,022;162,00;18,7;;;;;;;;;;;;;;;;;;;;;;;;;;;;;;;;;;;;;;;;;;;;;;;;;;;;;;;;;;;;;;;;;;;;;;;;;;;;;;;;;;;;;;;;;;;;;;;;;0,5;;7,9;0,01;11,9;;0,58;4,8;0;;0;16,00;;;;980,00;510,00;37,00;27,00;14,00;1,00;0,034;170,00;19,1;;;;;;;;;;;;;;;;;;;;;;;;;;;;;;;;;;;;;;;;;;;;;;;;;0,5;;8,7;0,008;10,1;;0,71;4,5;0;;0;9,00;;;;1010,00;520,00;37,00;27,00;15,00;1,00;0,044;174,00;19,00;0,5;;8,9;0,006;9,7;;0,74;4,5;0;;0;8,00;;;;1020,00;530,00;37,00;27,00;15,00;1,00;0,038;178,00;19,3;;;;;;;;;;;;;;;;;;;;;;;Geprueft
"2009-09-08 11:10:00";0,5;;8,4;0,007;8,7;;0,78;4,4;0;;2,00;5,8;;;;1040,00;540,00;37,00;28,00;16,00;1,2;0,03;180,00;19,4;0,6;;6,9;0,008;9,4;;0,57;780,00;5,9;0;;2,00;20,1;;;;951,00;490,00;39,00;29,00;16,00;1,00;0,032;161,00;18,2;;;;;;;;;;;;;;;;;;;;;;;;;;;;;;;;;;;;;;;;;;;;;;;;;;;;;;;;;;;;;;;;;;;;;;;;;;;;;;;;;;;;;;;;;;;;;;;;;0,5;;7,4;0,011;13,00;;0,6;4,8;0;;13,00;12,1;;;;990,00;510,00;37,00;27,00;15,00;1,00;0,028;170,00;17,6;;;;;;;;;;;;;;;;;;;;;;;;;;;;;;;;;;;;;;;;;;;;;;;;;0,6;;8,3;0,006;10,3;;0,73;4,5;0;;3,00;7,3;;;;1030,00;520,00;37,00;27,00;15,00;1,1;0,044;171,00;18,2;0,5;;8,4;0,006;9,7;;0,77;4,5;0;;0;6,1;;;;1030,00;530,00;38,00;28,00;16,00;1,1;0,043;175,00;18,5;;;;;;;;;;;;;;;;;;;;;;;Geprueft
"2009-09-28 11:40:00";0,52;;8,6;0,006;7,8;;0,81;4,4;0;;0;5,7;;;;1050,00;530,00;37,00;28,00;16,00;1,1;0,034;183,00;18,6;0,56;;7,1;0;9,1;;0,54;795,00;5,6;;;0;18,6;;;;952,00;490,00;39,00;28,00;15,00;1,00;0,037;173,00;17,4;;;;;;;;;;;;;;;;;;;;;;;;;;;;;;;;;;;;;;;;;;;;;;;;;;;;;;;;;;;;;;;;;;;;;;;;;;;;;;;;;;;;;;;;;;;;;;;;;0,54;;7,5;0,007;12,7;;0,6;4,6;0,006;;;11,3;;;;987,00;500,00;37,00;27,00;16,00;1,00;0,026;180,00;17,8;;;;;;;;;;;;;;;;;;;;;;;;;;;;;;;;;;;;;;;;;;;;;;;;;0,54;;8,5;0;9,8;;0,76;4,5;;;0;6,9;;;;1030,00;520,00;37,00;27,00;16,00;1,1;0,034;185,00;18,1;0,52;;8,6;0;9,00;;0,79;4,5;0;;0;5,9;;;;1040,00;520,00;37,00;28,00;16,00;1,1;0,042;184,00;18,7;;;;;;;;;;;;;;;;;;;;;;;Geprueft
"2009-10-14 11:00:00";0,4;;8,1;0,005;6,7;;0,93;4,7;0;;1,00;4,4;;1,3;;1040,00;530,00;38,00;28,00;15,00;1,1;0,025;179,00;18,3;0,6;;6,7;0,007;9,6;;0,52;410,00;5,9;0;;4,00;12,9;;1,2;;966,00;490,00;39,00;28,00;14,00;0,94;0,027;163,00;17,8;;;;;;;;;;;;;;;;;;;;;;;;;;;;;;;;;;;;;;;;;;;;;;;;;;;;;;;;;;;;;;;;;;;;;;;;;;;;;;;;;;;;;;;;;;;;;;;;;0,6;;7,00;0,011;12,2;;0,57;4,8;0;;12,00;9,7;;1,2;;984,00;500,00;36,00;27,00;14,00;1,00;0,028;170,00;18,1;;;;;;;;;;;;;;;;;;;;;;;;;;;;;;;;;;;;;;;;;;;;;;;;;0,5;;7,8;0,005;8,9;;0,72;4,5;0;;0;5,7;;1,2;;1020,00;510,00;37,00;27,00;15,00;1,00;0,042;171,00;18,5;0,5;;8,00;0,007;9,2;;0,75;4,4;0;;0;4,8;;1,3;;1040,00;520,00;39,00;28,00;15,00;1,00;0,044;172,00;19,1;;;;;;;;;;;;;;;;;;;;;;;Geprueft
"2009-10-26 11:55:00";0,5;;8,5;0;7,5;;0,87;4,5;0;;3,00;5,00;;;;1040,00;540,00;37,00;28,00;15,00;1,1;0,023;179,00;19,3;0,6;;7,00;0;11,3;;0,52;440,00;5,6;0;;2,00;11,1;;;;968,00;490,00;38,00;28,00;15,00;0,96;0,048;167,00;18,00;;;;;;;;;;;;;;;;;;;;;;;;;;;;;;;;;;;;;;;;;;;;;;;;;;;;;;;;;;;;;;;;;;;;;;;;;;;;;;;;;;;;;;;;;;;;;;;;;0,6;;7,1;0;11,3;;0,73;5,7;0;;2,00;10,9;;;;973,00;490,00;38,00;28,00;15,00;0,95;0,033;165,00;17,9;;;;;;;;;;;;;;;;;;;;;;;;;;;;;;;;;;;;;;;;;;;;;;;;;0,5;;8,3;0;9,9;;0,52;4,5;0;;0;5,7;;;;1030,00;530,00;37,00;27,00;15,00;1,00;0,039;178,00;18,6;0,5;;8,4;0;8,8;;0,74;4,5;0;;0;5,3;;;;1030,00;520,00;36,00;28,00;15,00;1,1;0,039;178,00;18,8;;;;;;;;;;;;;;;;;;;;;;;Geprueft
"2009-11-10 11:25:00";0,5;;8,6;0;6,5;;0,69;4,5;0;;0;4,2;;1,3;;1040,00;530,00;37,00;29,00;16,00;1,1;0,026;172,00;20,5;0,6;;7,00;0;10,8;;0,4;490,00;5,6;;;1,00;8,3;;1,2;;969,00;490,00;38,00;30,00;16,00;1,00;0,04;156,00;20,4;;;;;;;;;;;;;;;;;;;;;;;;;;;;;;;;;;;;;;;;;;;;;;;;;;;;;;;;;;;;;;;;;;;;;;;;;;;;;;;;;;;;;;;;;;;;;;;;;0,6;;7,1;0;10,8;;0,37;5,5;;;25,00;8,1;;1,2;;979,00;490,00;38,00;31,00;16,00;1,00;0,033;155,00;20,3;;;;;;;;;;;;;;;;;;;;;;;;;;;;;;;;;;;;;;;;;;;;;;;;;0,6;;8,4;0;9,6;;0,56;4,5;0;;0;5,1;;1,3;;1020,00;520,00;36,00;29,00;15,00;1,2;0,041;178,00;18,5;0,5;;8,4;0;8,6;;0,6;4,4;0;;0;4,5;;1,3;;1030,00;530,00;37,00;29,00;16,00;1,1;0,041;172,00;20,1;;;;;;;;;;;;;;;;;;;;;;;Geprueft
"2009-11-23 10:55:00";0,48;;8,5;0,006;6,3;;0,81;4,5;0;;1,00;4,6;;1,3;;1040,00;530,00;37,00;25,00;15,00;1,1;0,019;160,00;18,3;0,54;;7,1;0,006;10,5;;0,52;560,00;5,2;0;;3,00;8,1;;1,2;;973,00;500,00;38,00;26,00;14,00;0,96;0,025;159,00;17,2;;;;;;;;;;;;;;;;;;;;;;;;;;;;;;;;;;;;;;;;;;;;;;;;;;;;;;;;;;;;;;;;;;;;;;;;;;;;;;;;;;;;;;;;;;;;;;;;;0,54;;7,1;0,007;10,6;;0,7;5,2;0;;0;8,00;;1,2;;970,00;490,00;38,00;26,00;14,00;0,93;0,028;150,00;16,8;;;;;;;;;;;;;;;;;;;;;;;;;;;;;;;;;;;;;;;;;;;;;;;;;0,54;;8,1;0,007;9,2;;0,45;4,4;0;;0;6,00;;1,2;;1020,00;520,00;37,00;25,00;14,00;1,00;0,047;159,00;17,3;0,5;;8,3;0,006;7,7;;0,78;4,4;0;;2,00;5,4;;1,2;;1030,00;530,00;36,00;26,00;14,00;1,1;0,036;152,00;18,4;;;;;;;;;;;;;;;;;;;;;;;Geprueft
"2009-12-07 11:30:00";0,5;;8,1;0;6,6;;0,81;4,5;0;;0;4,4;;1,4;;1040,00;530,00;37,00;25,00;15,00;1,1;0,019;167,00;17,5;0,5;;6,7;0;11,00;;0,53;950,00;5,2;;;2,00;7,1;;1,1;;980,00;500,00;38,00;26,00;14,00;0,98;0,033;157,00;17,4;;;;;;;;;;;;;;;;;;;;;;;;;;;;;;;;;;;;;;;;;;;;;;;;;;;;;;;;;;;;;;;;;;;;;;;;;;;;;;;;;;;;;;;;;;;;;;;;;0,5;;6,9;0;10,8;;0,53;5,3;0;;2,00;7,00;;1,00;;979,00;500,00;39,00;27,00;14,00;1,1;0,039;151,00;18,6;;;;;;;;;;;;;;;;;;;;;;;;;;;;;;;;;;;;;;;;;;;;;;;;;0,5;;8,00;0;9,1;;0,72;4,5;0;;1,00;5,6;;1,1;;1030,00;530,00;37,00;27,00;15,00;1,2;0,05;167,00;19,00;0,5;;8,3;0,005;8,2;;0,8;4,4;0;;0;4,8;;1,3;;1040,00;530,00;37,00;27,00;15,00;1,2;0,034;162,00;18,9;;;;;;;;;;;;;;;;;;;;;;;Geprueft
"2012-03-28 09:50:00";0,41;;;0;0,52;;0,72;5,2;0;;;4,9;;;;1020,00;530,00;38,00;28,00;14,00;1,2;0,49;173,00;19,6;0,69;;;0,005;11,6;;0,28;740,00;6,2;0;;;8,9;;;;920,00;440,00;40,00;28,00;13,00;0,79;0,021;153,00;17,1;;;;;;;;;;;;;;;;;;;;;;;;;;;;;;;;;;;;;;;;;;;;;;;;;;;;;;;;;;;;;;;;;;;;;;;;;;;;;;;;;;;;;;;;;;;;;;;;;0,68;;;0,006;11,6;;0,29;6,1;0;;;4,9;;;;950,00;460,00;41,00;29,00;13,00;0,83;0,027;161,00;18,00;;;;;;;;;;;;;;;;;;;;;;;;;;;;;;;;;;;;;;;;;;;;;;;;;0,96;;;0;11,3;;0,29;6,00;0;;;4,3;;;;960,00;470,00;42,00;29,00;13,00;0,82;0,029;157,00;18,00;0,7;;;0;4,21;;0,44;5,00;0;;;4,4;;;;1010,00;500,00;39,00;29,00;14,00;1,00;0,048;168,00;18,9;0,54;;;0;1,42;0,53;4,7;0;;4,8;;;;1030,00;520,00;37,00;28,00;14,00;1,1;0,039;171,00;19,3;Geprueft
"2012-04-23 09:35:00";0,76;;;0;0,95;;0,58;5,3;0;;;4,9;;;;1020,00;520,00;38,00;28,00;15,00;1,2;0,013;167,00;18,6;0,67;;;0,014;11,3;;0,28;710,00;6,1;0;;;9,3;;;;935,00;460,00;41,00;28,00;14,00;0,81;0,02;149,00;17,1;;;;;;;;;;;;;;;;;;;;;;;;;;;;;;;;;;;;;;;;;;;;;;;;;;;;;;;;;;;;;;;;;;;;;;;;;;;;;;;;;;;;;;;;;;;;;;;;;0,68;;;0,007;11,6;;0,27;6,00;0;;;7,00;;;;940,00;470,00;41,00;29,00;14,00;0,81;0,018;152,00;18,2;;;;;;;;;;;;;;;;;;;;;;;;;;;;;;;;;;;;;;;;;;;;;;;;;0,68;;;0,006;9,92;;0,31;5,6;0;;;4,2;;;;970,00;480,00;42,00;30,00;14,00;0,86;0,018;157,00;19,2;0,62;;;0,006;4,04;;0,43;4,6;0;;;4,4;;;;1000,00;510,00;39,00;29,00;15,00;1,1;0,027;168,00;20,2;0,52;;;0,005;2,15;0,56;4,7;0;;4,7;;;;1020,00;520,00;38,00;28,00;15,00;1,2;0,027;167,00;19,3;Geprueft
"2012-05-15 09:40:00";0,53;;;0,005;2,38;;0,53;4,8;0;;;5,00;;;;1020,00;520,00;38,00;29,00;15,00;1,2;0,033;172,00;19,1;0,7;;;0,005;10,8;;0,28;830,00;6,4;0;;;17,00;;;;935,00;460,00;42,00;30,00;14,00;0,86;0,05;154,00;17,5;;;;;;;;;;;;;;;;;;;;;;;;;;;;;;;;;;;;;;;;;;;;;;;;;;;;;;;;;;;;;;;;;;;;;;;;;;;;;;;;;;;;;;;;;;;;;;;;;0,65;;;0,01;;;0,27;6,1;0;;;9,4;;;;950,00;460,00;41,00;29,00;14,00;0,84;0,026;153,00;17,5;;;;;;;;;;;;;;;;;;;;;;;;;;;;;;;;;;;;;;;;;;;;;;;;;0,66;;;0,006;9,64;;0,32;5,7;0;;;5,7;;;;970,00;480,00;42,00;29,00;14,00;0,87;0,044;159,00;17,7;0,6;;;0,005;5,34;;0,44;5,2;0;;;5,00;;;;1000,00;510,00;40,00;29,00;15,00;1,1;0,029;167,00;18,5;0,56;;;0;1,97;0,48;4,9;0;;5,00;;;;1020,00;520,00;39,00;28,00;15,00;1,2;0,024;170,00;18,8;Geprueft
"2012-06-04 09:45:00";0,53;;;0,006;1,42;;0,5;4,8;0;;;5,4;;;;1020,00;510,00;38,00;27,00;16,00;0,72;0,013;134,00;13,3;0,65;;;0,006;9,11;;0,27;770,00;6,7;0;;;19,00;;;;935,00;450,00;41,00;29,00;15,00;0,59;0,019;128,00;14,1;;;;;;;;;;;;;;;;;;;;;;;;;;;;;;;;;;;;;;;;;;;;;;;;;;;;;;;;;;;;;;;;;;;;;;;;;;;;;;;;;;;;;;;;;;;;;;;;;0,67;;;0,006;11,9;;0,26;6,1;0;;;9,4;;;;940,00;450,00;41,00;32,00;16,00;0,73;0,023;120,00;17,1;;;;;;;;;;;;;;;;;;;;;;;;;;;;;;;;;;;;;;;;;;;;;;;;;0,68;;;0,008;9,34;;0,32;5,7;0,005;;;5,1;;;;975,00;470,00;41,00;31,00;16,00;0,71;0,02;129,00;16,4;0,61;;;0,007;5,43;;0,39;5,1;0;;;5,00;;;;1000,00;490,00;40,00;31,00;17,00;0,77;0,024;128,00;15,9;0,54;;;0;1,72;0,48;4,8;0;;5,7;;;;1020,00;500,00;38,00;28,00;16,00;0,73;0,016;131,00;14,7;Geprueft
"2012-07-10 09:45:00";0,6;;;0,006;1,25;;0,5;4,9;0;;;6,6;;;;1020,00;510,00;39,00;28,00;15,00;1,2;0,018;172,00;19,3;0,64;;;0,006;8,55;;0,24;610,00;6,5;0;;;24,00;;;;925,00;460,00;42,00;29,00;14,00;0,93;0,02;152,00;17,00;;;;;;;;;;;;;;;;;;;;;;;;;;;;;;;;;;;;;;;;;;;;;;;;;;;;;;;;;;;;;;;;;;;;;;;;;;;;;;;;;;;;;;;;;;;;;;;;;0,67;;;0,008;12,4;;0,23;6,00;0;;;11,2;;;;945,00;460,00;41,00;29,00;14,00;0,83;0,028;154,00;17,6;;;;;;;;;;;;;;;;;;;;;;;;;;;;;;;;;;;;;;;;;;;;;;;;;0,68;;;0,008;9,2;;0,3;5,5;0;;;7,5;;;;975,00;470,00;41,00;29,00;14,00;0,9;0,026;158,00;18,00;0,6;;;0,006;3,61;;0,4;4,9;0;;;6,9;;;;1010,00;500,00;39,00;29,00;15,00;1,1;0,028;164,00;18,7;0,54;;;0,005;1,44;0,47;4,8;0;;6,7;;;;1010,00;510,00;38,00;28,00;15,00;1,2;0,018;168,00;19,00;Geprueft
"2012-07-31 09:45:00";0,47;;;0,006;0,82;;0,52;5,1;0;;;5,8;;;;1010,00;500,00;37,00;27,00;16,00;1,1;0,044;173,00;18,7;0,64;;;0,007;9,03;;0,22;720,00;6,1;0;;;22,2;;;;945,00;460,00;41,00;29,00;15,00;0,88;0,017;157,00;17,9;;;;;;;;;;;;;;;;;;;;;;;;;;;;;;;;;;;;;;;;;;;;;;;;;;;;;;;;;;;;;;;;;;;;;;;;;;;;;;;;;;;;;;;;;;;;;;;;;0,66;;;0,006;12,5;;0,22;5,9;0;;;11,7;;;;940,00;450,00;40,00;28,00;15,00;0,78;0,024;158,00;17,6;;;;;;;;;;;;;;;;;;;;;;;;;;;;;;;;;;;;;;;;;;;;;;;;;0,67;;;0,007;9,17;;0,3;5,5;0;;;6,6;;;;970,00;470,00;40,00;28,00;15,00;0,84;0,022;165,00;17,8;0,58;;;0,005;3,13;;0,41;5,00;0;;;6,1;;;;1000,00;490,00;38,00;27,00;15,00;1,00;0,021;172,00;18,3;0,53;;;0,006;1,56;0,47;4,9;0;;5,5;;;;1010,00;500,00;37,00;26,00;15,00;1,1;0,013;177,00;18,2;Geprueft
"2012-08-20 00:00:00";0,5;;;0,007;1,5;;0,45;4,9;0;;;7,2;;;;1020,00;520,00;39,00;27,00;14,00;1,00;0,011;161,00;18,00;0,66;;;0,006;9,08;;0,21;810,00;5,9;0;;;23,3;;;;950,00;470,00;43,00;29,00;14,00;0,87;0,013;146,00;17,7;;;;;;;;;;;;;;;;;;;;;;;;;;;;;;;;;;;;;;;;;;;;;;;;;;;;;;;;;;;;;;;;;;;;;;;;;;;;;;;;;;;;;;;;;;;;;;;;;0,68;;;0,006;12,7;;0,21;5,7;0;;;12,4;;;;940,00;470,00;42,00;27,00;14,00;0,72;0,02;144,00;16,6;;;;;;;;;;;;;;;;;;;;;;;;;;;;;;;;;;;;;;;;;;;;;;;;;0,69;;;0,013;8,7;;0,3;5,3;0;;;7,4;;;;970,00;480,00;42,00;28,00;14,00;0,8;0,017;148,00;17,1;0,61;;;0,008;3,6;;0,38;4,8;0;;;6,9;;;;1010,00;500,00;40,00;27,00;14,00;1,00;0,015;159,00;17,8;0,6;;;0,007;2,03;0,43;4,8;0;;6,8;;;;1020,00;510,00;39,00;27,00;15,00;1,00;0,012;158,00;18,2;Geprueft
"2012-08-27 09:40:00";0,47;;;0,006;1,39;;0,51;5,1;0;;;5,7;;;;1020,00;510,00;39,00;30,00;17,00;1,1;0,027;157,00;21,00;0,62;;;0,01;8,9;;0,2;580,00;5,9;0;;;21,5;;;;945,00;470,00;42,00;30,00;15,00;1,00;0,023;146,00;19,2;;;;;;;;;;;;;;;;;;;;;;;;;;;;;;;;;;;;;;;;;;;;;;;;;;;;;;;;;;;;;;;;;;;;;;;;;;;;;;;;;;;;;;;;;;;;;;;;;0,66;;;0,005;11,6;;0,2;5,7;0;;;11,1;;;;940,00;460,00;41,00;32,00;16,00;0,9;0,026;139,00;20,00;;;;;;;;;;;;;;;;;;;;;;;;;;;;;;;;;;;;;;;;;;;;;;;;;0,68;;;0,006;9,21;;0,29;5,5;0;;;6,3;;;;970,00;470,00;42,00;30,00;16,00;0,9;0,022;148,00;19,7;0,61;;;0,006;4,29;;0,38;5,00;0;;;5,4;;;;995,00;490,00;40,00;30,00;16,00;0,93;0,025;150,00;20,00;0,52;;;0,005;1,5;0,45;4,9;0;;5,5;;;;1010,00;510,00;39,00;28,00;15,00;1,1;0,015;159,00;18,9;Geprueft
"2012-09-11 09:40:00";0,45;;;0,007;0,92;;0,49;5,1;0;;;6,2;;;;1010,00;500,00;38,00;29,00;15,00;1,2;0,009;178,00;20,6;0,61;;;0,007;8,77;;0,19;770,00;5,8;0;;;21,1;;;;955,00;470,00;43,00;30,00;15,00;0,93;0,015;166,00;18,6;;;;;;;;;;;;;;;;;;;;;;;;;;;;;;;;;;;;;;;;;;;;;;;;;;;;;;;;;;;;;;;;;;;;;;;;;;;;;;;;;;;;;;;;;;;;;;;;;0,64;;;0,007;11,8;;0,22;5,7;0;;;12,5;;;;940,00;450,00;41,00;29,00;14,00;0,8;0,016;163,00;17,8;;;;;;;;;;;;;;;;;;;;;;;;;;;;;;;;;;;;;;;;;;;;;;;;;0,65;;;0,007;8,08;;0,3;5,3;0;;;7,2;;;;975,00;470,00;41,00;29,00;15,00;0,9;0,014;163,00;18,8;0,59;;;0,012;3,32;;0,38;4,9;0;;;6,1;;;;1010,00;490,00;39,00;29,00;15,00;1,1;0,014;175,00;19,8;0,56;;;0,006;1,14;0,43;4,9;0;;5,7;;;;1010,00;500,00;38,00;29,00;15,00;1,2;0,011;179,00;20,2;Geprueft
"2012-09-24 09:55:00";0,46;;;0,006;0,82;;0,52;5,00;0;;;5,00;;;;1030,00;510,00;39,00;30,00;16,00;1,1;0,009;164,00;20,00;0,62;;;0,008;9,38;;0,22;620,00;5,8;0;;;17,2;;;;950,00;480,00;44,00;33,00;17,00;0,93;0,024;152,00;20,7;;;;;;;;;;;;;;;;;;;;;;;;;;;;;;;;;;;;;;;;;;;;;;;;;;;;;;;;;;;;;;;;;;;;;;;;;;;;;;;;;;;;;;;;;;;;;;;;;0,65;;;0,007;11,7;;0,23;5,7;0;;;12,6;;;;990,00;460,00;42,00;30,00;15,00;0,84;0,025;169,00;18,6;;;;;;;;;;;;;;;;;;;;;;;;;;;;;;;;;;;;;;;;;;;;;;;;;0,65;;;0,008;8,23;;0,34;5,3;0;;;6,1;;;;970,00;480,00;42,00;31,00;16,00;0,93;0,019;161,00;19,6;0,6;;;0,009;3,34;;0,4;4,9;0;;;5,5;;;;1000,00;500,00;40,00;32,00;16,00;1,00;0,023;169,00;20,9;0,51;;;0,008;1,28;0,45;4,9;0;;5,1;;;;1010,00;510,00;39,00;31,00;17,00;1,1;0,011;159,00;21,00;Geprueft
"2012-10-15 10:10:00";0,38;;;0,007;0,52;;0,58;5,35;0;;;4,8;;;;1010,00;500,00;38,00;29,00;16,00;1,2;0,52;172,00;20,1;0,6;;;0;9,55;;0,2;530,00;5,82;0;;;13,3;;;;930,00;460,00;42,00;31,00;15,00;1,00;0,027;163,00;18,8;;;;;;;;;;;;;;;;;;;;;;;;;;;;;;;;;;;;;;;;;;;;;;;;;;;;;;;;;;;;;;;;;;;;;;;;;;;;;;;;;;;;;;;;;;;;;;;;;0,63;;;0,005;10,5;;0,23;5,65;0;;;11,5;;;;945,00;460,00;41,00;31,00;15,00;0,92;0,025;165,00;19,3;;;;;;;;;;;;;;;;;;;;;;;;;;;;;;;;;;;;;;;;;;;;;;;;;0,64;;;0;7,22;;0,34;5,23;0;;;5,4;;;;970,00;470,00;41,00;29,00;15,00;0,94;0,016;158,00;18,6;0,61;;;0,008;3,5;;0,38;4,79;0;;;4,9;;;;1000,00;490,00;39,00;29,00;15,00;1,00;0,016;173,00;19,2;0,49;;;0,007;0,72;0,47;4,83;0;;4,8;;;;1000,00;500,00;38,00;29,00;16,00;1,3;0,013;176,00;19,9;Geprueft
"2012-11-05 09:45:00";0,48;;;0,005;0,48;;0,48;4,99;0;;;4,6;;;;1010,00;500,00;38,00;32,00;19,00;1,2;0,012;176,00;22,2;0,64;;;0,007;10,00;;0,22;570,00;5,9;0;;;10,00;;;;955,00;460,00;42,00;35,00;17,00;0,96;0,028;161,00;21,4;;;;;;;;;;;;;;;;;;;;;;;;;;;;;;;;;;;;;;;;;;;;;;;;;;;;;;;;;;;;;;;;;;;;;;;;;;;;;;;;;;;;;;;;;;;;;;;;;0,64;;;0,008;10,2;;0,2;5,78;0;;;9,8;;;;955,00;460,00;41,00;36,00;18,00;1,00;0,033;152,00;22,4;;;;;;;;;;;;;;;;;;;;;;;;;;;;;;;;;;;;;;;;;;;;;;;;;0,68;;;0,005;6,54;;0,33;5,14;0;;;5,1;;;;970,00;470,00;40,00;35,00;19,00;1,00;0,018;161,00;22,5;0,62;;;0;2,41;;0,37;4,73;0;;;4,6;;;;1000,00;490,00;39,00;35,00;20,00;1,00;0,021;166,00;23,6;0,52;;;0,005;1,04;0,44;4,86;0;;4,6;;;;1010,00;500,00;39,00;34,00;19,00;1,1;0,017;169,00;23,6;Geprueft
"2015-01-27 09:15:00";0,57;;5,7;0;10,3;;;5,54;0;;;3,9;;0,9;81,8;970,00;;;31,00;15,00;;0,015;164,00;18,6;0,58;;5,6;0;11,4;;0,14;490,00;4,35;0;;;3,6;;0,9;89,8;965,00;470,00;43,00;30,00;14,00;0,86;0,016;163,00;18,5;0,58;;5,6;0;11,3;;0,15;4,58;0;;;3,6;;0,9;88,8;965,00;470,00;43,00;31,00;14,00;0,85;0,016;162,00;18,3;0,58;;5,6;0;11,3;;0,15;5,37;0;;;3,6;;0,9;88,7;965,00;470,00;43,00;31,00;15,00;0,88;0,014;155,00;19,8;0,57;;5,6;0;11,3;;0,15;5,37;0;;;3,6;;0,9;88,5;965,00;470,00;43,00;30,00;14,00;0,9;0,02;161,00;18,6;0,57;;5,6;0;11,3;;0,14;5,39;0;;;3,6;;0,9;88,6;965,00;470,00;43,00;30,00;14,00;0,9;0,018;161,00;18,6;0,57;;5,6;0;11,3;;0,14;5,4;0;;;3,6;;0,9;88,5;965,00;470,00;;30,00;14,00;0,87;0,015;162,00;18,6;0,58;;5,5;0;11,2;;0,14;5,4;0;;;3,6;;0,8;88,3;965,00;470,00;43,00;32,00;15,00;0,89;0,018;155,00;19,7;0,57;;5,5;0;11,2;;0,14;5,4;0;;;3,6;;0,9;88,4;965,00;480,00;43,00;31,00;15,00;0,88;0,013;159,00;19,2;0,58;;5,6;0;11,2;;0,15;5,42;0;;;3,6;;0,9;88,3;965,00;470,00;43,00;30,00;14,00;0,86;0,017;161,00;18,5;0,57;;5,6;0;11,2;;;5,41;0;;;3,6;;0,9;87,8;970,00;;;30,00;14,00;;0,017;164,00;18,5;;;;;;;;;;;;;;;;;;;;;;;Geprueft
"2015-03-10 09:15:00";0,55;;5,8;0,011;11,5;;;5,59;0;;;3,2;;0,9;88,4;975,00;;;31,00;14,00;0,95;0,025;165,00;19,3;0,54;;5,7;0;12,5;;0,14;560,00;5,53;0;;;3,5;;0,8;96,8;970,00;470,00;43,00;31,00;14,00;0,9;0,023;164,00;19,2;0,55;;5,7;0,008;12,4;;0,13;5,52;0;;;3,3;;0,8;96,2;970,00;470,00;44,00;30,00;14,00;0,91;0,021;166,00;18,4;0,55;;5,8;0,006;12,4;;0,13;5,52;0;;;3,3;;0,8;96,00;970,00;470,00;44,00;30,00;14,00;0,91;0,023;166,00;18,8;0,56;;5,8;0,007;12,4;;0,13;5,51;0;;;3,3;;0,9;96,1;970,00;480,00;44,00;30,00;14,00;0,93;0,02;166,00;18,9;0,55;;5,8;0,008;12,3;;0,14;5,52;0;;;3,4;;0,9;95,8;970,00;480,00;45,00;30,00;14,00;0,9;0,1;166,00;19,00;0,55;;5,7;0,007;12,3;;0,14;5,52;0;;;3,5;;0,9;95,7;970,00;470,00;;30,00;14,00;0,91;0,022;166,00;18,4;0,55;;5,7;0,005;12,3;;0,13;5,52;0;;;3,5;;0,8;95,7;970,00;470,00;43,00;31,00;14,00;0,93;0,022;165,00;18,8;0,55;;5,7;0,005;12,3;;0,13;5,53;0;;;3,5;;0,8;95,5;970,00;470,00;43,00;30,00;14,00;0,93;0,022;165,00;18,8;0,55;;5,7;0,006;12,3;;0,13;5,54;0;;;3,5;;0,8;95,6;970,00;480,00;;30,00;13,00;0,91;0,04;166,00;18,4;0,55;;5,7;0,005;12,3;;;5,53;0;;;3,5;;0,8;95,8;970,00;480,00;;31,00;14,00;0,93;0,023;161,00;18,8;;;;;;;;;;;;;;;;;;;;;;;Geprueft
"2015-03-30 09:20:00";0,56;;5,8;0,009;12,00;;;5,55;0;;;3,9;;0,8;96,6;970,00;;;30,00;14,00;;0,015;162,00;18,00;0,55;;5,6;0,007;12,3;;0,14;440,00;5,67;0;;;5,4;;0,8;103,2;965,00;470,00;44,00;30,00;14,00;0,89;0,025;166,00;18,1;0,56;;5,7;0;12,2;;0,14;5,64;0;;;5,4;;0,8;102,8;965,00;460,00;43,00;30,00;14,00;0,89;0,026;158,00;18,00;0,56;;5,7;0;12,2;;0,14;5,63;0;;;5,4;;0,8;102,8;965,00;460,00;43,00;30,00;14,00;0,89;0,025;160,00;18,00;0,55;;5,7;0,007;12,2;;0,14;5,63;0;;;5,4;;0,8;102,7;965,00;460,00;43,00;30,00;14,00;0,89;0,02;159,00;18,2;0,56;;5,7;0,007;12,2;;0,14;5,63;0;;;5,4;;0,8;102,5;965,00;460,00;43,00;31,00;14,00;0,92;0,022;160,00;18,3;0,55;;5,6;0,005;12,2;;0,14;5,61;0;;;5,1;;0,8;102,1;970,00;470,00;;30,00;14,00;0,9;0,021;164,00;17,9;0,53;;5,6;0,006;12,2;;0,14;5,61;0;;;5,1;;0,8;101,9;970,00;470,00;44,00;30,00;14,00;0,89;0,02;166,00;18,1;0,55;;5,7;0,005;12,2;;0,14;5,59;0;;;4,8;;0,8;101,1;970,00;470,00;44,00;30,00;14,00;0,9;0,018;167,00;18,2;0,56;;5,7;0;12,2;;0,14;5,58;0;;;4,7;;0,8;100,6;970,00;470,00;;30,00;14,00;0,89;0,015;162,00;18,00;0,57;;5,7;0,007;12,2;;;5,56;0;;;4,00;;0,8;98,7;970,00;;;30,00;13,00;0,9;0,013;161,00;18,00;;;;;;;;;;;;;;;;;;;;;;;Geprueft
"2015-04-20 09:05:00";0,57;;5,6;0;11,4;;;5,58;0;;;4,3;;0,9;90,6;970,00;;;;17,00;0,96;0,018;;20,1;0,58;;5,4;0;11,4;;0,13;555,00;5,18;0;;;10,7;;0,9;106,2;960,00;480,00;44,00;32,00;16,00;0,93;0,022;141,00;19,5;0,57;;5,4;0;11,4;;0,13;5,56;0;;;10,2;;0,9;105,8;965,00;480,00;44,00;34,00;17,00;0,98;0,033;132,00;20,7;0,57;;5,5;0;11,7;;0,13;5,81;0;;;9,4;;0,9;105,9;965,00;480,00;44,00;33,00;17,00;0,97;0,027;133,00;20,3;0,57;;5,5;0;12,2;;0,13;5,69;0;;;7,2;;0,9;104,2;965,00;480,00;44,00;34,00;17,00;0,98;0,02;133,00;20,5;0,52;;5,5;0;12,3;;0,13;5,61;0;;;6,00;;0,9;102,2;965,00;470,00;44,00;32,00;16,00;0,94;0,017;140,00;19,4;0,57;;5,5;0;12,2;;0,13;5,58;0;;;5,6;;0,9;100,4;970,00;470,00;;32,00;16,00;0,92;0,014;142,00;19,6;0,57;;5,5;0;12,1;;0,13;5,58;0;;;5,3;;0,9;99,00;970,00;480,00;44,00;34,00;17,00;0,94;0,015;134,00;20,6;0,57;;5,5;0;12,00;;0,13;5,56;0;;;5,00;;0,9;97,6;970,00;480,00;44,00;33,00;16,00;0,86;0,013;144,00;19,9;0,57;;5,5;0;11,9;;0,14;5,56;0;;;4,8;;0,9;96,1;970,00;480,00;;32,00;17,00;0,93;0,015;;19,9;0,57;;5,6;0;11,8;;;5,54;0;;;4,4;;0,9;94,1;970,00;480,00;;32,00;16,00;0,92;0,012;146,00;19,2;;;;;;;;;;;;;;;;;;;;;;;Geprueft
"2015-05-06 09:20:00";0,59;;5,2;0,007;11,5;;0,13;5,5;0;0,07;;4,9;;0,9;94,00;970,00;480,00;44,00;28,00;15,00;0,87;0,016;160,00;18,00;0,59;;5,00;0,017;10,1;;0,12;550,00;5,8;0;0,08;;14,7;;0,9;104,00;960,00;480,00;44,00;28,00;15,00;0,88;0,015;160,00;18,00;0,58;;4,9;0,013;9,9;;0,12;5,9;0;0,08;;14,8;;0,8;103,00;960,00;480,00;45,00;29,00;15,00;0,88;0,017;160,00;18,00;0,58;;5,00;0,007;10,2;;0,12;5,8;0;0,07;;13,5;;0,8;103,00;965,00;480,00;44,00;29,00;15,00;0,88;0,018;160,00;19,00;0,58;;5,00;0,007;11,2;;0,12;5,8;0;0,07;;11,1;;0,8;106,00;965,00;480,00;45,00;28,00;15,00;0,87;0,01;160,00;19,00;0,6;;5,2;0,006;11,9;;0,12;5,6;0;0,07;;8,4;;0,8;106,00;960,00;480,00;45,00;28,00;15,00;0,88;0,01;160,00;19,00;0,57;;5,2;0,014;11,6;;0,12;5,5;0;0,08;;7,3;;0,8;101,00;965,00;480,00;44,00;28,00;15,00;0,88;0,011;160,00;19,00;0,71;;5,2;0,009;12,00;;0,13;5,6;0;0,07;;6,8;;0,9;102,00;960,00;480,00;44,00;28,00;15,00;0,88;0,012;160,00;19,00;0,58;;5,2;0,009;12,00;;0,13;5,5;0;0,06;;6,2;;0,9;101,00;960,00;480,00;45,00;28,00;15,00;0,88;0,01;160,00;19,00;0,59;;5,3;0,007;11,7;;0,14;5,5;0;0,07;;6,00;;0,9;98,00;960,00;480,00;44,00;28,00;15,00;0,88;0,012;160,00;18,00;0,6;;5,3;0,007;11,7;;0,14;5,5;0;0,07;;5,8;;0,9;98,00;960,00;480,00;44,00;28,00;15,00;0,88;0,01;160,00;18,00;;;;;;;;;;;;;;;;;;;;;;;Geprueft
"2015-06-01 09:15:00";0,56;;5,8;0;10,8;;0,14;5,5;0;;;4,5;;0,8;87,00;970,00;470,00;44,00;30,00;13,00;0,91;0,012;160,00;18,00;0,55;;5,1;0,006;9,8;;0,09;340,00;5,8;0;;;16,9;;0,9;106,00;970,00;480,00;45,00;31,00;14,00;0,93;0,024;160,00;19,00;0,56;;5,1;0,007;9,9;;0,09;5,8;0;;;16,7;;0,8;107,00;970,00;480,00;45,00;31,00;14,00;0,91;0,022;160,00;19,00;0,56;;5,1;0,008;9,9;;0,09;5,8;0;;;16,6;;0,8;106,00;970,00;480,00;45,00;31,00;13,00;0,93;0,022;160,00;19,00;0,57;;5,3;0,006;11,5;;0,1;5,8;0;;;12,9;;0,8;113,00;960,00;470,00;44,00;30,00;13,00;0,92;0,01;160,00;19,00;0,57;;5,5;0;12,3;;0,11;5,5;0;;;8,2;;0,8;109,00;965,00;470,00;44,00;30,00;13,00;0,91;0,006;160,00;18,00;0,57;;5,5;0;12,2;;0,11;5,5;0;;;6,7;;0,9;104,00;965,00;480,00;44,00;30,00;13,00;0,91;0,007;160,00;18,00;0,58;;5,6;0;11,9;;0,12;5,4;0;;;5,8;;0,9;100,00;965,00;470,00;44,00;30,00;13,00;0,91;0,007;160,00;18,00;0,58;;5,7;0,005;11,7;;0,14;5,4;0;;;5,1;;0,9;96,00;970,00;480,00;44,00;30,00;13,00;0,9;0,009;160,00;18,00;0,57;;5,7;0;11,6;;0,14;5,4;0;;;4,9;;0,9;94,00;970,00;470,00;44,00;30,00;13,00;0,87;0,006;160,00;18,00;0,57;;5,8;0;11,4;;0,14;5,4;0;;;4,6;;0,9;92,00;970,00;470,00;44,00;30,00;13,00;0,89;0,005;160,00;18,00;;;;;;;;;;;;;;;;;;;;;;;Geprueft
"2015-07-08 09:05:00";0,55;;6,00;0,006;9,5;;0,16;5,5;0;;;4,6;;0,8;77,00;980,00;470,00;44,00;30,00;14,00;0,9;0,012;160,00;19,00;0,54;;4,8;0,005;7,9;;0,1;310,00;5,5;0;;;25,9;;0,8;102,00;980,00;480,00;45,00;31,00;15,00;1,00;0,023;170,00;19,00;0,55;;4,8;0,005;7,9;;0,1;5,5;0;;;25,9;;0,8;102,00;980,00;480,00;45,00;31,00;15,00;1,00;0,019;170,00;19,00;0,55;;4,9;0;9,00;;0,09;5,4;0;;;18,8;;0,8;103,00;980,00;480,00;45,00;31,00;15,00;1,00;0,016;170,00;19,00;0,56;;5,1;0;10,3;;0,1;5,4;0;;;16,00;;0,8;109,00;975,00;470,00;44,00;30,00;15,00;0,9;0,013;160,00;19,00;0,57;;5,4;0;12,3;;0,1;5,4;0;;;8,9;;0,8;111,00;970,00;470,00;44,00;30,00;15,00;0,9;0,012;160,00;18,00;0,56;;5,6;0,006;12,00;;0,11;5,4;0;;;6,9;;0,8;104,00;975,00;470,00;44,00;30,00;14,00;0,9;0,014;170,00;18,00;0,57;;5,7;0,006;11,7;;0,13;5,3;0;;;6,3;;0,8;100,00;975,00;480,00;44,00;30,00;14,00;0,9;0,015;160,00;19,00;0,57;;5,8;0,006;11,3;;0,12;5,3;0;;;5,6;;0,9;94,00;980,00;470,00;44,00;30,00;14,00;0,9;0,015;160,00;19,00;0,57;;5,9;0,006;11,2;;0,14;5,3;0;;;5,1;;0,8;93,00;980,00;480,00;44,00;30,00;14,00;0,9;0,014;160,00;19,00;0,57;;5,9;0,005;11,00;;0,14;5,3;0;;;4,7;;0,8;90,00;980,00;470,00;44,00;30,00;14,00;0,9;0,013;160,00;19,00;;;;;;;;;;;;;;;;;;;;;;;Geprueft
"2015-08-05 09:30:00";0,55;;6,1;0,008;8,8;;0,19;5,5;0;;;4,6;;0,9;71,00;980,00;480,00;44,00;30,00;14,00;0,9;0,017;160,00;18,00;0,52;;4,4;0,005;8,3;;0,11;430,00;5,4;0;;;22,6;;0,9;100,00;995,00;500,00;47,00;32,00;15,00;1,00;0,024;170,00;20,00;0,53;;4,4;0,005;8,3;;0,11;5,4;0;;;22,4;;0,9;100,00;995,00;500,00;46,00;32,00;15,00;1,00;0,024;170,00;20,00;0,54;;4,4;0,005;8,5;;0,11;5,4;0;;;21,6;;0,9;100,00;995,00;490,00;46,00;32,00;15,00;1,00;0,023;170,00;20,00;0,54;;4,5;0,006;9,5;;0,1;5,2;0;;;18,8;;0,9;106,00;980,00;480,00;46,00;31,00;15,00;1,00;0,018;170,00;19,00;0,56;;5,2;0,007;12,00;;0,11;5,3;0;;;9,7;;0,9;110,00;970,00;480,00;44,00;30,00;14,00;0,91;0,015;160,00;19,00;0,58;;5,5;0,007;11,8;;0,12;5,3;0;;;7,5;;0,9;102,00;975,00;480,00;44,00;28,00;14,00;0,83;0,036;160,00;18,00;0,57;;5,7;0,006;11,2;;0,13;5,3;0;;;6,5;;0,9;95,00;975,00;470,00;44,00;30,00;14,00;0,9;0,064;160,00;19,00;0,56;;5,9;0,007;11,1;;0,14;5,2;0;;;5,6;;1,00;91,00;975,00;470,00;44,00;30,00;14,00;0,9;0,03;170,00;18,00;0,56;;5,9;0,007;11,00;;0,17;5,3;0;;;5,2;;1,00;90,00;980,00;470,00;44,00;30,00;14,00;0,9;0,023;160,00;19,00;0,55;;6,00;0,008;10,7;;0,17;5,3;0;;;4,7;;0,9;87,00;980,00;470,00;44,00;30,00;14,00;0,9;0,01;170,00;19,00;;;;;;;;;;;;;;;;;;;;;;;Geprueft
"2015-08-24 09:30:00";0,51;;6,2;0,01;8,8;;0,17;5,4;0;;;4,6;;0,9;72,00;985,00;460,00;43,00;32,00;16,00;0,99;0,012;150,00;20,00;0,52;;4,2;0,006;8,3;;0,1;650,00;5,3;0;;;21,8;;0,8;99,00;1000,00;490,00;46,00;32,00;16,00;1,00;0,025;160,00;20,00;0,5;;4,2;0,007;8,3;;0,1;5,4;0;;;21,8;;0,8;100,00;1000,00;480,00;46,00;33,00;16,00;1,1;0,022;160,00;20,00;0,5;;4,2;0;8,4;;0,1;5,4;0;;;21,7;;0,9;100,00;1010,00;490,00;46,00;33,00;16,00;1,1;0,022;160,00;21,00;0,51;;4,2;0,006;8,7;;0,1;5,3;0;;;20,8;;0,8;102,00;995,00;480,00;45,00;33,00;16,00;1,1;0,028;160,00;21,00;0,54;;5,00;0,01;11,8;;0,08;5,3;0;;;12,4;;0,8;107,00;970,00;460,00;43,00;31,00;15,00;0,94;0,015;150,00;19,00;0,55;;5,5;0,007;12,2;;0,11;5,3;0;;;8,2;;0,8;110,00;970,00;460,00;43,00;32,00;16,00;0,95;0,014;150,00;20,00;0,55;;5,8;0,011;11,7;;0,12;5,2;0;;;6,6;;0,9;100,00;975,00;460,00;43,00;31,00;15,00;0,96;0,013;150,00;20,00;0,55;;6,00;0,007;10,8;;0,13;5,2;0;;;5,6;;0,9;90,00;980,00;460,00;43,00;33,00;16,00;0,98;0,012;150,00;20,00;0,55;;6,00;0,006;10,7;;0,16;5,2;0;;;5,1;;0,9;89,00;980,00;450,00;42,00;31,00;15,00;0,95;0,016;150,00;20,00;0,54;;6,00;0,006;10,5;;0,14;5,3;0;;;4,8;;0,9;86,00;980,00;460,00;43,00;30,00;15,00;0,89;0,013;160,00;19,00;;;;;;;;;;;;;;;;;;;;;;;Geprueft
"2015-09-09 09:15:00";0,48;;6,2;0,006;0,7;;0,26;6,4;0;;;4,7;;0,8;6,00;1010,00;480,00;44,00;31,00;15,00;1,00;0,064;160,00;20,00;0,51;;3,9;0;8,9;;0,1;520,00;4,4;0;;;18,6;;0,7;98,00;1010,00;500,00;47,00;31,00;15,00;1,00;0,024;170,00;19,00;0,53;;3,9;0;8,8;;0,09;5,3;0;;;18,7;;0,7;98,00;1010,00;500,00;47,00;31,00;15,00;1,00;0,026;170,00;20,00;0,51;;3,9;0,006;8,8;;0,09;5,4;0;;;18,7;;0,7;98,00;1010,00;500,00;46,00;32,00;16,00;1,00;0,025;170,00;20,00;0,53;;4,1;0;8,8;;0,09;5,3;0;;;18,7;;0,7;98,00;1010,00;490,00;46,00;32,00;16,00;1,00;0,022;160,00;20,00;0,53;;4,3;0,006;12,00;;0,08;5,3;0;;;12,7;;0,7;116,00;965,00;480,00;45,00;32,00;15,00;1,00;0,02;160,00;20,00;0,55;;5,1;0,005;12,2;;0,09;5,3;0;;;8,5;;0,8;109,00;970,00;470,00;45,00;31,00;15,00;0,94;0,011;160,00;19,00;0,57;;5,5;0,007;11,3;;0,11;5,2;0;;;6,8;;0,8;96,00;975,00;480,00;44,00;31,00;15,00;0,9;0,01;160,00;19,00;0,56;;5,7;0,007;10,8;;0,13;5,2;0;;;5,6;;0,8;89,00;980,00;470,00;44,00;31,00;15,00;0,9;0,009;160,00;19,00;0,57;;5,8;0,006;10,6;;0,14;5,2;0;;;5,1;;0,8;87,00;980,00;470,00;44,00;31,00;15,00;0,9;0,01;160,00;20,00;0,55;;5,9;0,006;10,3;;0,15;5,3;0;;;4,8;;0,8;84,00;980,00;470,00;44,00;32,00;16,00;1,00;0,017;160,00;20,00;;;;;;;;;;;;;;;;;;;;;;;Geprueft
"2015-10-14 09:05:00";0,56;;6,2;0;7,6;;0,15;5,4;0;;;4,7;;0,8;62,00;985,00;480,00;45,00;30,00;14,00;0,94;0,011;170,00;19,00;0,51;;3,9;0,006;9,9;;0,1;430,00;5,6;0;;;13,1;;0,8;99,00;1000,00;500,00;47,00;33,00;15,00;1,00;0,041;170,00;21,00;0,52;;4,00;0,006;10,00;;0,1;5,6;0;;;13,2;;0,7;99,00;1000,00;500,00;47,00;32,00;15,00;1,00;0,021;160,00;20,00;0,52;;3,9;0,006;9,9;;0,1;5,6;0;;;13,2;;0,7;99,00;1000,00;490,00;45,00;33,00;16,00;1,1;0,02;170,00;21,00;0,52;;4,00;0,006;9,9;;0,09;5,6;0;;;13,2;;0,7;99,00;1000,00;490,00;45,00;33,00;16,00;1,1;0,019;170,00;21,00;0,52;;4,00;0,006;9,9;;0,09;5,6;0;;;13,2;;0,7;99,00;1000,00;500,00;47,00;32,00;15,00;1,00;0,018;170,00;20,00;0,51;;3,9;0,007;11,2;;0,09;5,3;0;;;10,2;;0,7;104,00;970,00;500,00;46,00;34,00;16,00;1,00;0,015;160,00;21,00;0,56;;5,6;0,009;10,7;;0,15;5,2;0;;;7,00;;0,8;92,00;975,00;470,00;44,00;33,00;16,00;1,00;0,015;160,00;21,00;0,57;;5,9;0,007;10,3;;0,14;5,1;0;;;5,6;;0,8;85,00;975,00;480,00;45,00;32,00;15,00;1,00;0,007;160,00;20,00;0,56;;5,9;0,006;10,00;;0,15;5,1;0;;;5,2;;0,8;82,00;980,00;480,00;45,00;30,00;14,00;0,94;0,008;160,00;19,00;0,57;;6,00;0;9,8;;0,15;5,2;0;;;4,8;;0,8;80,00;980,00;490,00;45,00;31,00;15,00;0,95;0,011;160,00;20,00;;;;;;;;;;;;;;;;;;;;;;;Geprueft
"2015-11-09 09:25:00";0,59;;6,2;0;7,3;;0,12;5,2;0;;;4,7;;0,8;59,00;985,00;470,00;44,00;34,00;17,00;1,00;0,022;160,00;21,00;0,52;;4,00;0,005;10,7;;0,09;500,00;5,8;0;;;10,2;;0,8;99,00;1000,00;490,00;46,00;34,00;17,00;1,1;0,024;160,00;21,00;0,52;;4,00;0;10,7;;0,09;5,8;0;;;10,2;;0,7;99,00;1000,00;500,00;46,00;35,00;18,00;1,1;0,022;160,00;21,00;0,52;;4,00;0,005;10,7;;0,09;5,7;0;;;10,1;;0,7;99,00;1000,00;500,00;46,00;35,00;18,00;1,1;0,031;170,00;22,00;0,52;;4,00;0,009;10,7;;0,09;5,8;0;;;10,00;;0,7;98,00;1000,00;490,00;46,00;35,00;17,00;1,1;0,022;170,00;22,00;0,53;;4,00;0;10,6;;0,09;5,7;0;;;9,9;;0,7;97,00;1000,00;500,00;46,00;34,00;17,00;1,1;0,02;170,00;22,00;0,52;;4,00;0;10,6;;0,08;5,7;0;;;9,8;;0,8;97,00;1000,00;490,00;46,00;35,00;17,00;1,1;0,018;170,00;21,00;0,54;;4,6;0,007;10,5;;0,1;5,3;0;;;7,6;;0,7;91,00;975,00;490,00;45,00;35,00;18,00;1,1;0,033;160,00;22,00;0,57;;5,9;0,006;10,00;;0,14;5,1;0;;;5,9;;0,8;83,00;980,00;480,00;44,00;33,00;16,00;1,00;0,022;160,00;21,00;0,58;;6,00;0;9,9;;0,15;5,1;0;;;5,00;;0,8;80,00;980,00;490,00;44,00;34,00;17,00;1,00;0,018;160,00;21,00;0,58;;6,00;0,006;9,2;;0,14;5,1;0;;;4,9;;0,8;75,00;980,00;480,00;45,00;33,00;17,00;1,00;0,025;160,00;21,00;;;;;;;;;;;;;;;;;;;;;;;Geprueft
"2015-11-25 09:20:00";0,59;;5,7;0,007;9,2;;0,12;5,1;0;;;4,8;;0,9;74,00;985,00;470,00;43,00;32,00;16,00;1,00;0,021;160,00;20,00;0,52;;4,00;0,008;10,9;;0,1;280,00;5,6;0;;;8,00;;0,8;96,00;1000,00;470,00;44,00;34,00;17,00;1,1;0,028;160,00;21,00;0,52;;4,00;0,011;11,1;;0,09;5,5;0;;;7,7;;0,8;97,00;1000,00;470,00;44,00;33,00;16,00;1,00;0,024;160,00;21,00;0,51;;3,9;0,011;11,00;;0,09;5,5;0;;;7,8;;0,8;98,00;1000,00;470,00;44,00;33,00;16,00;1,00;0,037;170,00;20,00;0,52;;4,00;0,008;11,1;;0,09;5,6;0;;;7,9;;0,8;98,00;1000,00;470,00;44,00;33,00;16,00;1,00;0,031;170,00;20,00;0,51;;3,9;0,008;11,1;;0,09;5,5;0;;;7,9;;0,8;98,00;1000,00;470,00;44,00;34,00;17,00;1,1;0,039;160,00;21,00;0,52;;4,00;0,01;11,00;;0,09;5,6;0;;;8,00;;0,8;98,00;1000,00;470,00;44,00;33,00;16,00;1,1;0,032;160,00;21,00;0,52;;4,00;0,009;11,00;;0,09;5,5;0;;;7,9;;0,8;98,00;1000,00;470,00;44,00;34,00;17,00;1,1;0,031;170,00;21,00;0,53;;4,6;0,007;11,1;;0,12;5,3;0;;;6,9;;0,8;96,00;995,00;460,00;43,00;32,00;16,00;1,00;0,031;170,00;20,00;0,55;;5,5;0,007;10,4;;0,15;5,1;0;;;5,5;;0,9;87,00;980,00;460,00;43,00;32,00;16,00;0,98;0,017;160,00;20,00;0,58;;5,6;0,006;10,2;;0,13;5,1;0;;;5,00;;0,9;84,00;985,00;460,00;42,00;32,00;16,00;0,96;0,019;160,00;20,00;;;;;;;;;;;;;;;;;;;;;;;Geprueft
